dandiset_id,asset_id,asset_path,session_id,mouse_id,date,total_unit_count,qc_unit_count,probe_count,probe_names
001637,915bb67f-3d3e-45b1-86e5-a6fcf3bf8046,sub-820454/sub-820454_ses-ecephys-820454-2025-11-04-14-59-22_ecephys.nwb,820454_2025-11-04_14-59-22,820454,2025-11-04,4126,2373,6,ProbeA;ProbeB;ProbeC;ProbeD;ProbeE;ProbeF
001637,f7057120-fc07-447c-80ba-bbbc425072b0,sub-820454/sub-820454_ses-ecephys-820454-2025-11-05-15-21-15_ecephys.nwb,820454_2025-11-05_15-21-15,820454,2025-11-05,4275,2557,6,ProbeA;ProbeB;ProbeC;ProbeD;ProbeE;ProbeF
001637,013eb796-bbe5-4d02-82dd-6e2e5ce7034f,sub-820454/sub-820454_ses-ecephys-820454-2025-11-06-16-00-27_ecephys.nwb,820454_2025-11-06_16-00-27,820454,2025-11-06,4009,2046,6,ProbeA;ProbeB;ProbeC;ProbeD;ProbeE;ProbeF
001637,51c29ef1-339d-449e-b1e5-c0b59f4d272e,sub-820454/sub-820454_ses-ecephys-820454-2025-11-07-10-54-23_ecephys.nwb,820454_2025-11-07_10-54-23,820454,2025-11-07,3738,1696,6,ProbeA;ProbeB;ProbeC;ProbeD;ProbeE;ProbeF
001637,e3cbee16-232a-4874-8b7e-cfbaebdfeeaf,sub-820459/sub-820459_ses-ecephys-820459-2025-11-10-15-07-13_ecephys.nwb,820459_2025-11-10_15-07-13,820459,2025-11-10,4346,2322,6,ProbeA;ProbeB;ProbeC;ProbeD;ProbeE;ProbeF
001637,cfe8eaaf-2f55-4147-aa82-1103ad09274c,sub-820459/sub-820459_ses-ecephys-820459-2025-11-12-14-34-33_ecephys.nwb,820459_2025-11-12_14-34-33,820459,2025-11-12,3170,1547,5,ProbeA;ProbeB;ProbeC;ProbeD;ProbeF
001637,0c67a84f-7da3-44b2-b707-72ab376a9034,sub-830794/sub-830794_ses-ecephys-830794-2026-01-26-12-02-05_ecephys.nwb,830794_2026-01-26_12-02-05,830794,2026-01-26,3966,2725,6,ProbeA;ProbeB;ProbeC;ProbeD;ProbeE;ProbeF
001637,a23eba88-5d08-4e4b-89e1-a2a10fd143b5,sub-830794/sub-830794_ses-ecephys-830794-2026-01-27-11-25-31_ecephys.nwb,830794_2026-01-27_11-25-31,830794,2026-01-27,3018,1799,5,ProbeB;ProbeC;ProbeD;ProbeE;ProbeF
001637,6068eec9-d614-471c-aa33-0ab27dc66475,sub-830794/sub-830794_ses-ecephys-830794-2026-01-28-11-01-44_ecephys.nwb,830794_2026-01-28_11-01-44,830794,2026-01-28,2951,1833,5,ProbeB;ProbeC;ProbeD;ProbeE;ProbeF
001637,b383b4ff-a2b9-4497-8c8f-9f77de89e1b0,sub-830794/sub-830794_ses-ecephys-830794-2026-01-29-11-12-57_ecephys.nwb,830794_2026-01-29_11-12-57,830794,2026-01-29,3125,1761,6,ProbeA;ProbeB;ProbeC;ProbeD;ProbeE;ProbeF
001637,3f7f6abd-de5e-4e78-9473-efd672896ac4,sub-830795/sub-830795_ses-ecephys-830795-2026-02-23-15-03-59_ecephys.nwb,830795_2026-02-23_15-03-59,830795,2026-02-23,3464,1891,6,ProbeA;ProbeB;ProbeC;ProbeD;ProbeE;ProbeF
001637,1a3aac78-34f5-44c4-b644-7c16bc313ceb,sub-830795/sub-830795_ses-ecephys-830795-2026-02-24-15-08-59_ecephys.nwb,830795_2026-02-24_15-08-59,830795,2026-02-24,2814,1310,6,ProbeA;ProbeB;ProbeC;ProbeD;ProbeE;ProbeF
001637,4095a089-8cb6-4101-821c-9d93e2c2dee7,sub-830795/sub-830795_ses-ecephys-830795-2026-02-25-16-03-31_ecephys.nwb,830795_2026-02-25_16-03-31,830795,2026-02-25,2314,1014,5,ProbeA;ProbeC;ProbeD;ProbeE;ProbeF
001637,c9024a36-e476-4ffc-9e12-666e6ed3aec7,sub-830795/sub-830795_ses-ecephys-830795-2026-02-26-16-01-33_ecephys.nwb,830795_2026-02-26_16-01-33,830795,2026-02-26,2225,1011,5,ProbeA;ProbeC;ProbeD;ProbeE;ProbeF
001637,03973a42-cf55-476f-80d7-85bc402fa57b,sub-830846/sub-830846_ses-ecephys-830846-2026-03-09-10-32-54_ecephys.nwb,830846_2026-03-09_10-32-54,830846,2026-03-09,3550,1925,6,ProbeA;ProbeB;ProbeC;ProbeD;ProbeE;ProbeF
001637,5996b247-cf6a-4ee1-8c21-3cc6c790c2b5,sub-830846/sub-830846_ses-ecephys-830846-2026-03-10-10-17-25_ecephys.nwb,830846_2026-03-10_10-17-25,830846,2026-03-10,3834,2049,6,ProbeA;ProbeB;ProbeC;ProbeD;ProbeE;ProbeF
001637,680d1c0c-e338-4d0b-ba29-4329436d2ae2,sub-830846/sub-830846_ses-ecephys-830846-2026-03-11-10-19-32_ecephys.nwb,830846_2026-03-11_10-19-32,830846,2026-03-11,3355,1805,6,ProbeA;ProbeB;ProbeC;ProbeD;ProbeE;ProbeF
001637,f2b15614-c07b-4187-9ace-f73b6e55005e,sub-830846/sub-830846_ses-ecephys-830846-2026-03-12-11-09-13_ecephys.nwb,830846_2026-03-12_11-09-13,830846,2026-03-12,2943,1487,6,ProbeA;ProbeB;ProbeC;ProbeD;ProbeE;ProbeF
001637,826226c3-22c9-4306-9aa7-49d71e683e17,sub-830847/sub-830847_ses-ecephys-830847-2026-03-09-16-23-49_ecephys.nwb,830847_2026-03-09_16-23-49,830847,2026-03-09,3228,1877,6,ProbeA;ProbeB;ProbeC;ProbeD;ProbeE;ProbeF
001637,bc2150b9-c9af-43af-a9ea-31f53fd4c89e,sub-830847/sub-830847_ses-ecephys-830847-2026-03-10-16-32-25_ecephys.nwb,830847_2026-03-10_16-32-25,830847,2026-03-10,3591,2077,6,ProbeA;ProbeB;ProbeC;ProbeD;ProbeE;ProbeF
001637,8606d35c-9c54-4b54-96ed-2252a9a54694,sub-830847/sub-830847_ses-ecephys-830847-2026-03-11-15-46-40_ecephys.nwb,830847_2026-03-11_15-46-40,830847,2026-03-11,3518,1992,6,ProbeA;ProbeB;ProbeC;ProbeD;ProbeE;ProbeF
001637,59ce3a4d-f144-414f-9a78-8ee6a4ebbe56,sub-830847/sub-830847_ses-ecephys-830847-2026-03-12-17-14-42_ecephys.nwb,830847_2026-03-12_17-14-42,830847,2026-03-12,3001,1637,6,ProbeA;ProbeB;ProbeC;ProbeD;ProbeE;ProbeF
001637,84b56f6e-7ade-4790-96e1-9bbc82cd5688,sub-830848/sub-830848_ses-ecephys-830848-2026-03-02-15-05-26_ecephys.nwb,830848_2026-03-02_15-05-26,830848,2026-03-02,3709,2105,6,ProbeA;ProbeB;ProbeC;ProbeD;ProbeE;ProbeF
001637,cc3b7c7b-d489-460c-b575-40b9edf59e2c,sub-830848/sub-830848_ses-ecephys-830848-2026-03-03-14-02-09_ecephys.nwb,830848_2026-03-03_14-02-09,830848,2026-03-03,3378,1714,6,ProbeA;ProbeB;ProbeC;ProbeD;ProbeE;ProbeF
001637,228c2c2e-1daf-4bf6-9f66-eb6b2bce5ba5,sub-830848/sub-830848_ses-ecephys-830848-2026-03-04-15-34-54_ecephys.nwb,830848_2026-03-04_15-34-54,830848,2026-03-04,3117,1604,6,ProbeA;ProbeB;ProbeC;ProbeD;ProbeE;ProbeF
001637,c53ec231-46f7-42d6-b89a-19e260b8eaa9,sub-830848/sub-830848_ses-ecephys-830848-2026-03-05-16-07-50_ecephys.nwb,830848_2026-03-05_16-07-50,830848,2026-03-05,2570,1478,6,ProbeA;ProbeB;ProbeC;ProbeD;ProbeE;ProbeF
001637,fe5b6b44-12a6-4f59-a91f-953850564fb0,sub-830849/sub-830849_ses-ecephys-830849-2026-03-04-10-14-36_ecephys.nwb,830849_2026-03-04_10-14-36,830849,2026-03-04,2383,1304,5,ProbeB;ProbeC;ProbeD;ProbeE;ProbeF
001637,cdf63e04-05d0-457a-af66-2de1014eb1d4,sub-830849/sub-830849_ses-ecephys-830849-2026-03-05-10-41-20_ecephys.nwb,830849_2026-03-05_10-41-20,830849,2026-03-05,2321,1162,5,ProbeB;ProbeC;ProbeD;ProbeE;ProbeF
001637,ce62d153-644b-4da9-b5a7-823353bb7ccb,sub-830849/sub-830849_ses-ecephys-830849-2026-03-06-10-51-58_ecephys.nwb,830849_2026-03-06_10-51-58,830849,2026-03-06,2902,1681,6,ProbeA;ProbeB;ProbeC;ProbeD;ProbeE;ProbeF
001637,ab8ec755-2b87-45c3-a29d-dd88955334b8,sub-830849/sub-830849_ses-ecephys-830849-2026-03-07-09-48-16_ecephys.nwb,830849_2026-03-07_09-48-16,830849,2026-03-07,2287,1174,5,ProbeB;ProbeC;ProbeD;ProbeE;ProbeF
001637,fc14f27c-4b7d-4332-8562-a4c824f757f3,sub-830851/sub-830851_ses-ecephys-830851-2026-03-16-10-18-07_ecephys.nwb,830851_2026-03-16_10-18-07,830851,2026-03-16,3598,1661,6,ProbeA;ProbeB;ProbeC;ProbeD;ProbeE;ProbeF
001637,9b9e8abe-7b43-47f1-b8e1-4114f87898a1,sub-830851/sub-830851_ses-ecephys-830851-2026-03-17-10-46-04_ecephys.nwb,830851_2026-03-17_10-46-04,830851,2026-03-17,3122,1554,6,ProbeA;ProbeB;ProbeC;ProbeD;ProbeE;ProbeF
001637,24822bc8-01d9-473f-9eef-615fa01119d9,sub-830851/sub-830851_ses-ecephys-830851-2026-03-18-10-24-59_ecephys.nwb,830851_2026-03-18_10-24-59,830851,2026-03-18,3182,1680,6,ProbeA;ProbeB;ProbeC;ProbeD;ProbeE;ProbeF
001637,0167df0a-b5f1-45bd-9659-c32ac132d875,sub-830851/sub-830851_ses-ecephys-830851-2026-03-19-10-49-11_ecephys.nwb,830851_2026-03-19_10-49-11,830851,2026-03-19,2839,1327,6,ProbeA;ProbeB;ProbeC;ProbeD;ProbeE;ProbeF
001637,e15084a4-6372-4a2a-90a7-64ef0e4450b0,sub-830852/sub-830852_ses-ecephys-830852-2026-02-23-10-31-02_ecephys.nwb,830852_2026-02-23_10-31-02,830852,2026-02-23,3622,1775,6,ProbeA;ProbeB;ProbeC;ProbeD;ProbeE;ProbeF
001637,b2f4bb1b-5092-4392-b4fa-b25802ea7769,sub-830852/sub-830852_ses-ecephys-830852-2026-02-24-10-20-58_ecephys.nwb,830852_2026-02-24_10-20-58,830852,2026-02-24,2845,1519,6,ProbeA;ProbeB;ProbeC;ProbeD;ProbeE;ProbeF
001637,6f14398a-7abc-446c-a5ab-c008f52c7129,sub-830852/sub-830852_ses-ecephys-830852-2026-02-25-10-32-11_ecephys.nwb,830852_2026-02-25_10-32-11,830852,2026-02-25,2766,1342,6,ProbeA;ProbeB;ProbeC;ProbeD;ProbeE;ProbeF
001637,3ffe2e3d-9c41-459f-819f-1b72ac5284a2,sub-830852/sub-830852_ses-ecephys-830852-2026-02-26-10-49-56_ecephys.nwb,830852_2026-02-26_10-49-56,830852,2026-02-26,2612,1335,6,ProbeA;ProbeB;ProbeC;ProbeD;ProbeE;ProbeF
001637,ed0a9668-90f7-45bd-9b2f-c62905a24f07,sub-832691/sub-832691_ses-ecephys-832691-2026-03-23-11-28-47_ecephys.nwb,832691_2026-03-23_11-28-47,832691,2026-03-23,3365,1652,6,ProbeA;ProbeB;ProbeC;ProbeD;ProbeE;ProbeF
001637,e8dc5ef4-720b-4fb4-a493-e8dc2ef2b8d6,sub-832691/sub-832691_ses-ecephys-832691-2026-03-24-10-04-30_ecephys.nwb,832691_2026-03-24_10-04-30,832691,2026-03-24,3413,1555,6,ProbeA;ProbeB;ProbeC;ProbeD;ProbeE;ProbeF
001637,2376172b-955a-4533-9342-fdb699cf92fc,sub-832691/sub-832691_ses-ecephys-832691-2026-03-25-10-22-33_ecephys.nwb,832691_2026-03-25_10-22-33,832691,2026-03-25,3174,1390,6,ProbeA;ProbeB;ProbeC;ProbeD;ProbeE;ProbeF
001637,2255d7ed-7924-4b4f-9823-ac28d871463f,sub-832691/sub-832691_ses-ecephys-832691-2026-03-26-10-51-37_ecephys.nwb,832691_2026-03-26_10-51-37,832691,2026-03-26,2648,1354,6,ProbeA;ProbeB;ProbeC;ProbeD;ProbeE;ProbeF
001637,4b1a34e9-8ddf-4b70-a19c-eb9941e57e19,sub-834686/sub-834686_ses-ecephys-834686-2026-03-23-17-08-31_ecephys.nwb,834686_2026-03-23_17-08-31,834686,2026-03-23,3243,1786,6,ProbeA;ProbeB;ProbeC;ProbeD;ProbeE;ProbeF
001637,62264fed-94d4-4115-a875-88625ffd2686,sub-834686/sub-834686_ses-ecephys-834686-2026-03-24-15-41-18_ecephys.nwb,834686_2026-03-24_15-41-18,834686,2026-03-24,3699,2164,6,ProbeA;ProbeB;ProbeC;ProbeD;ProbeE;ProbeF
001637,8bafe4a5-40fc-42a4-a7c4-eea4acbc6fca,sub-834686/sub-834686_ses-ecephys-834686-2026-03-25-15-47-48_ecephys.nwb,834686_2026-03-25_15-47-48,834686,2026-03-25,3099,1794,6,ProbeA;ProbeB;ProbeC;ProbeD;ProbeE;ProbeF
001637,41767a03-31fc-4ceb-90eb-d31228f3c3cc,sub-834686/sub-834686_ses-ecephys-834686-2026-03-26-16-15-13_ecephys.nwb,834686_2026-03-26_16-15-13,834686,2026-03-26,3163,1628,6,ProbeA;ProbeB;ProbeC;ProbeD;ProbeE;ProbeF
001637,7fbb5805-b423-4dba-b7d6-9a4af48a2023,sub-834687/sub-834687_ses-ecephys-834687-2026-03-16-16-33-30_ecephys.nwb,834687_2026-03-16_16-33-30,834687,2026-03-16,3670,2137,6,ProbeA;ProbeB;ProbeC;ProbeD;ProbeE;ProbeF
001637,3cbaa2f1-687c-438f-adea-358b4893383f,sub-834687/sub-834687_ses-ecephys-834687-2026-03-17-16-18-25_ecephys.nwb,834687_2026-03-17_16-18-25,834687,2026-03-17,3701,1744,6,ProbeA;ProbeB;ProbeC;ProbeD;ProbeE;ProbeF
001637,ececeb0e-42cd-401f-9545-b666356e8b6d,sub-834687/sub-834687_ses-ecephys-834687-2026-03-18-15-50-10_ecephys.nwb,834687_2026-03-18_15-50-10,834687,2026-03-18,3133,1752,6,ProbeA;ProbeB;ProbeC;ProbeD;ProbeE;ProbeF
001637,bf725c9c-38cd-4c41-b632-5347bcc18954,sub-834687/sub-834687_ses-ecephys-834687-2026-03-19-16-06-07_ecephys.nwb,834687_2026-03-19_16-06-07,834687,2026-03-19,3328,1999,6,ProbeA;ProbeB;ProbeC;ProbeD;ProbeE;ProbeF
001637,0cc012fd-e92c-4087-95ef-150d00d59b42,sub-834691/sub-834691_ses-ecephys-834691-2026-02-16-11-02-15_ecephys.nwb,834691_2026-02-16_11-02-15,834691,2026-02-16,4234,2434,6,ProbeA;ProbeB;ProbeC;ProbeD;ProbeE;ProbeF
001637,9a3f32bf-ee7f-4b36-ae05-6f8217d8a1f0,sub-834691/sub-834691_ses-ecephys-834691-2026-02-17-10-49-35_ecephys.nwb,834691_2026-02-17_10-49-35,834691,2026-02-17,2971,1299,5,ProbeA;ProbeB;ProbeC;ProbeD;ProbeE
001637,641156f5-4e54-42b2-9017-1134cf3115ea,sub-848387/sub-848387_ses-ecephys-848387-2026-05-04-16-19-01_ecephys.nwb,848387_2026-05-04_16-19-01,848387,2026-05-04,3428,2251,6,ProbeA;ProbeB;ProbeC;ProbeD;ProbeE;ProbeF
001637,c7ec7bc4-3836-467a-af53-33a6605a1d61,sub-848387/sub-848387_ses-ecephys-848387-2026-05-05-15-55-50_ecephys.nwb,848387_2026-05-05_15-55-50,848387,2026-05-05,3129,1936,6,ProbeA;ProbeB;ProbeC;ProbeD;ProbeE;ProbeF
001637,409f5707-a886-46d7-b392-578b55fa8517,sub-848387/sub-848387_ses-ecephys-848387-2026-05-06-15-09-10_ecephys.nwb,848387_2026-05-06_15-09-10,848387,2026-05-06,2596,1542,5,ProbeA;ProbeB;ProbeC;ProbeD;ProbeF
001637,27b29de0-84f2-4eb5-9998-c32065b528d3,sub-848387/sub-848387_ses-ecephys-848387-2026-05-07-15-46-10_ecephys.nwb,848387_2026-05-07_15-46-10,848387,2026-05-07,3378,2242,6,ProbeA;ProbeB;ProbeC;ProbeD;ProbeE;ProbeF
001637,7692aa01-1c14-47ae-93aa-bca6d8f7b050,sub-848390/sub-848390_ses-ecephys-848390-2026-05-04-10-22-33_ecephys.nwb,848390_2026-05-04_10-22-33,848390,2026-05-04,4318,2001,6,ProbeA;ProbeB;ProbeC;ProbeD;ProbeE;ProbeF
001637,755840d4-f9e5-4517-83ad-4273521e548c,sub-848390/sub-848390_ses-ecephys-848390-2026-05-05-10-08-25_ecephys.nwb,848390_2026-05-05_10-08-25,848390,2026-05-05,3605,2002,6,ProbeA;ProbeB;ProbeC;ProbeD;ProbeE;ProbeF
001637,0e5b530a-e22d-4bf8-a5d7-5108229c899a,sub-848390/sub-848390_ses-ecephys-848390-2026-05-06-09-54-56_ecephys.nwb,848390_2026-05-06_09-54-56,848390,2026-05-06,3305,1893,6,ProbeA;ProbeB;ProbeC;ProbeD;ProbeE;ProbeF
001637,2ee1451c-987e-4dfb-b2eb-be5cd3d52adc,sub-848390/sub-848390_ses-ecephys-848390-2026-05-07-10-22-45_ecephys.nwb,848390_2026-05-07_10-22-45,848390,2026-05-07,3139,1733,6,ProbeA;ProbeB;ProbeC;ProbeD;ProbeE;ProbeF
