Source_Row,Block_Number,Block_Label,Block_Duration_Minutes,Trial_Number,Sequence_Number,Trial_In_Sequence,Contrast,Delay,DiameterX,DiameterY,Duration,Orientation,Spatial_Frequency,Temporal_Frequency,X,Y,Phase,Trial_Type,Block_Type
830,2,Sensory-motor mismatch block,26,829,0,0,1,0,360,360,0.03333333333333333,0,0.04,0,0,0,wheel,standard,motor_oddball
831,2,Sensory-motor mismatch block,26,830,0,0,1,0,360,360,0.03333333333333333,0,0.04,0,0,0,wheel,standard,motor_oddball
832,2,Sensory-motor mismatch block,26,831,0,0,1,0,360,360,0.03333333333333333,0,0.04,0,0,0,wheel,standard,motor_oddball
833,2,Sensory-motor mismatch block,26,832,0,0,1,0,360,360,0.03333333333333333,0,0.04,0,0,0,wheel,standard,motor_oddball
834,2,Sensory-motor mismatch block,26,833,0,0,1,0,360,360,0.03333333333333333,0,0.04,0,0,0,wheel,standard,motor_oddball
835,2,Sensory-motor mismatch block,26,834,0,0,1,0,360,360,0.03333333333333333,0,0.04,0,0,0,wheel,standard,motor_oddball
836,2,Sensory-motor mismatch block,26,835,0,0,1,0,360,360,0.03333333333333333,0,0.04,0,0,0,wheel,standard,motor_oddball
837,2,Sensory-motor mismatch block,26,836,0,0,1,0,360,360,0.03333333333333333,0,0.04,0,0,0,wheel,standard,motor_oddball
838,2,Sensory-motor mismatch block,26,837,0,0,1,0,360,360,0.03333333333333333,0,0.04,0,0,0,wheel,standard,motor_oddball
839,2,Sensory-motor mismatch block,26,838,0,0,1,0,360,360,0.03333333333333333,0,0.04,0,0,0,wheel,standard,motor_oddball
840,2,Sensory-motor mismatch block,26,839,0,0,1,0,360,360,0.03333333333333333,0,0.04,0,0,0,wheel,standard,motor_oddball
841,2,Sensory-motor mismatch block,26,840,0,0,1,0,360,360,0.03333333333333333,0,0.04,0,0,0,wheel,standard,motor_oddball
842,2,Sensory-motor mismatch block,26,841,0,0,1,0,360,360,0.03333333333333333,0,0.04,0,0,0,wheel,standard,motor_oddball
843,2,Sensory-motor mismatch block,26,842,0,0,1,0,360,360,0.03333333333333333,0,0.04,0,0,0,wheel,standard,motor_oddball
844,2,Sensory-motor mismatch block,26,843,0,0,1,0,360,360,0.03333333333333333,0,0.04,0,0,0,wheel,standard,motor_oddball
845,2,Sensory-motor mismatch block,26,844,0,0,1,0,360,360,0.03333333333333333,0,0.04,0,0,0,wheel,standard,motor_oddball
846,2,Sensory-motor mismatch block,26,845,0,0,1,0,360,360,0.03333333333333333,0,0.04,0,0,0,wheel,standard,motor_oddball
847,2,Sensory-motor mismatch block,26,846,0,0,1,0,360,360,0.03333333333333333,0,0.04,0,0,0,wheel,standard,motor_oddball
848,2,Sensory-motor mismatch block,26,847,0,0,1,0,360,360,0.03333333333333333,0,0.04,0,0,0,wheel,standard,motor_oddball
849,2,Sensory-motor mismatch block,26,848,0,0,1,0,360,360,0.03333333333333333,0,0.04,0,0,0,wheel,standard,motor_oddball
850,2,Sensory-motor mismatch block,26,849,0,0,1,0,360,360,0.03333333333333333,0,0.04,0,0,0,wheel,standard,motor_oddball
851,2,Sensory-motor mismatch block,26,850,0,0,1,0,360,360,0.03333333333333333,0,0.04,0,0,0,wheel,standard,motor_oddball
852,2,Sensory-motor mismatch block,26,851,0,0,1,0,360,360,0.03333333333333333,0,0.04,0,0,0,wheel,standard,motor_oddball
853,2,Sensory-motor mismatch block,26,852,0,0,1,0,360,360,0.03333333333333333,0,0.04,0,0,0,wheel,standard,motor_oddball
854,2,Sensory-motor mismatch block,26,853,0,0,1,0,360,360,0.03333333333333333,0,0.04,0,0,0,wheel,standard,motor_oddball
855,2,Sensory-motor mismatch block,26,854,0,0,1,0,360,360,0.03333333333333333,0,0.04,0,0,0,wheel,standard,motor_oddball
856,2,Sensory-motor mismatch block,26,855,0,0,1,0,360,360,0.03333333333333333,0,0.04,0,0,0,wheel,standard,motor_oddball
857,2,Sensory-motor mismatch block,26,856,0,0,1,0,360,360,0.03333333333333333,0,0.04,0,0,0,wheel,standard,motor_oddball
858,2,Sensory-motor mismatch block,26,857,0,0,1,0,360,360,0.03333333333333333,0,0.04,0,0,0,wheel,standard,motor_oddball
859,2,Sensory-motor mismatch block,26,858,0,0,1,0,360,360,0.03333333333333333,0,0.04,0,0,0,wheel,standard,motor_oddball
860,2,Sensory-motor mismatch block,26,859,0,0,1,0,360,360,0.03333333333333333,0,0.04,0,0,0,wheel,standard,motor_oddball
861,2,Sensory-motor mismatch block,26,860,0,0,1,0,360,360,0.03333333333333333,0,0.04,0,0,0,wheel,standard,motor_oddball
862,2,Sensory-motor mismatch block,26,861,0,0,1,0,360,360,0.03333333333333333,0,0.04,0,0,0,wheel,standard,motor_oddball
863,2,Sensory-motor mismatch block,26,862,0,0,1,0,360,360,0.03333333333333333,0,0.04,0,0,0,wheel,standard,motor_oddball
864,2,Sensory-motor mismatch block,26,863,0,0,1,0,360,360,0.03333333333333333,0,0.04,0,0,0,wheel,standard,motor_oddball
865,2,Sensory-motor mismatch block,26,864,0,0,1,0,360,360,0.03333333333333333,0,0.04,0,0,0,wheel,standard,motor_oddball
866,2,Sensory-motor mismatch block,26,865,0,0,1,0,360,360,0.03333333333333333,0,0.04,0,0,0,wheel,standard,motor_oddball
867,2,Sensory-motor mismatch block,26,866,0,0,1,0,360,360,0.03333333333333333,0,0.04,0,0,0,wheel,standard,motor_oddball
868,2,Sensory-motor mismatch block,26,867,0,0,1,0,360,360,0.03333333333333333,0,0.04,0,0,0,wheel,standard,motor_oddball
869,2,Sensory-motor mismatch block,26,868,0,0,1,0,360,360,0.03333333333333333,0,0.04,0,0,0,wheel,standard,motor_oddball
870,2,Sensory-motor mismatch block,26,869,0,0,1,0,360,360,0.03333333333333333,0,0.04,0,0,0,wheel,standard,motor_oddball
871,2,Sensory-motor mismatch block,26,870,0,0,1,0,360,360,0.03333333333333333,0,0.04,0,0,0,wheel,standard,motor_oddball
872,2,Sensory-motor mismatch block,26,871,0,0,1,0,360,360,0.03333333333333333,0,0.04,0,0,0,wheel,standard,motor_oddball
873,2,Sensory-motor mismatch block,26,872,0,0,1,0,360,360,0.03333333333333333,0,0.04,0,0,0,wheel,standard,motor_oddball
874,2,Sensory-motor mismatch block,26,873,0,0,1,0,360,360,0.03333333333333333,0,0.04,0,0,0,wheel,standard,motor_oddball
875,2,Sensory-motor mismatch block,26,874,0,0,1,0,360,360,0.03333333333333333,0,0.04,0,0,0,wheel,standard,motor_oddball
876,2,Sensory-motor mismatch block,26,875,0,0,1,0,360,360,0.03333333333333333,0,0.04,0,0,0,wheel,standard,motor_oddball
877,2,Sensory-motor mismatch block,26,876,0,0,1,0,360,360,0.03333333333333333,0,0.04,0,0,0,wheel,standard,motor_oddball
878,2,Sensory-motor mismatch block,26,877,0,0,1,0,360,360,0.03333333333333333,0,0.04,0,0,0,wheel,standard,motor_oddball
879,2,Sensory-motor mismatch block,26,878,0,0,1,0,360,360,0.03333333333333333,0,0.04,0,0,0,wheel,standard,motor_oddball
880,2,Sensory-motor mismatch block,26,879,0,0,1,0,360,360,0.03333333333333333,0,0.04,0,0,0,wheel,standard,motor_oddball
881,2,Sensory-motor mismatch block,26,880,0,0,1,0,360,360,0.03333333333333333,0,0.04,0,0,0,wheel,standard,motor_oddball
882,2,Sensory-motor mismatch block,26,881,0,0,1,0,360,360,0.03333333333333333,0,0.04,0,0,0,wheel,standard,motor_oddball
883,2,Sensory-motor mismatch block,26,882,0,0,1,0,360,360,0.03333333333333333,0,0.04,0,0,0,wheel,standard,motor_oddball
884,2,Sensory-motor mismatch block,26,883,0,0,1,0,360,360,0.03333333333333333,0,0.04,0,0,0,wheel,standard,motor_oddball
885,2,Sensory-motor mismatch block,26,884,0,0,1,0,360,360,0.03333333333333333,0,0.04,0,0,0,wheel,standard,motor_oddball
886,2,Sensory-motor mismatch block,26,885,0,0,1,0,360,360,0.03333333333333333,0,0.04,0,0,0,wheel,standard,motor_oddball
887,2,Sensory-motor mismatch block,26,886,0,0,1,0,360,360,0.03333333333333333,0,0.04,0,0,0,wheel,standard,motor_oddball
888,2,Sensory-motor mismatch block,26,887,0,0,1,0,360,360,0.03333333333333333,0,0.04,0,0,0,wheel,standard,motor_oddball
889,2,Sensory-motor mismatch block,26,888,0,0,1,0,360,360,0.03333333333333333,0,0.04,0,0,0,wheel,standard,motor_oddball
890,2,Sensory-motor mismatch block,26,889,0,0,1,0,360,360,0.03333333333333333,0,0.04,0,0,0,wheel,standard,motor_oddball
891,2,Sensory-motor mismatch block,26,890,0,0,1,0,360,360,0.03333333333333333,0,0.04,0,0,0,wheel,standard,motor_oddball
892,2,Sensory-motor mismatch block,26,891,0,0,1,0,360,360,0.03333333333333333,0,0.04,0,0,0,wheel,standard,motor_oddball
893,2,Sensory-motor mismatch block,26,892,0,0,1,0,360,360,0.03333333333333333,0,0.04,0,0,0,wheel,standard,motor_oddball
894,2,Sensory-motor mismatch block,26,893,0,0,1,0,360,360,0.03333333333333333,0,0.04,0,0,0,wheel,standard,motor_oddball
895,2,Sensory-motor mismatch block,26,894,0,0,1,0,360,360,0.03333333333333333,0,0.04,0,0,0,wheel,standard,motor_oddball
896,2,Sensory-motor mismatch block,26,895,0,0,1,0,360,360,0.03333333333333333,0,0.04,0,0,0,wheel,standard,motor_oddball
897,2,Sensory-motor mismatch block,26,896,0,0,1,0,360,360,0.03333333333333333,0,0.04,0,0,0,wheel,standard,motor_oddball
898,2,Sensory-motor mismatch block,26,897,0,0,1,0,360,360,0.03333333333333333,0,0.04,0,0,0,wheel,standard,motor_oddball
899,2,Sensory-motor mismatch block,26,898,0,0,1,0,360,360,0.03333333333333333,0,0.04,0,0,0,wheel,standard,motor_oddball
900,2,Sensory-motor mismatch block,26,899,0,0,1,0,360,360,0.03333333333333333,0,0.04,0,0,0,wheel,standard,motor_oddball
901,2,Sensory-motor mismatch block,26,900,0,0,1,0,360,360,0.03333333333333333,0,0.04,0,0,0,wheel,standard,motor_oddball
902,2,Sensory-motor mismatch block,26,901,0,0,1,0,360,360,0.03333333333333333,0,0.04,0,0,0,wheel,standard,motor_oddball
903,2,Sensory-motor mismatch block,26,902,0,0,1,0,360,360,0.03333333333333333,0,0.04,0,0,0,wheel,standard,motor_oddball
904,2,Sensory-motor mismatch block,26,903,0,0,1,0,360,360,0.03333333333333333,0,0.04,0,0,0,wheel,standard,motor_oddball
905,2,Sensory-motor mismatch block,26,904,0,0,1,0,360,360,0.03333333333333333,0,0.04,0,0,0,wheel,standard,motor_oddball
906,2,Sensory-motor mismatch block,26,905,0,0,1,0,360,360,0.03333333333333333,0,0.04,0,0,0,wheel,standard,motor_oddball
907,2,Sensory-motor mismatch block,26,906,0,0,1,0,360,360,0.03333333333333333,0,0.04,0,0,0,wheel,standard,motor_oddball
908,2,Sensory-motor mismatch block,26,907,0,0,1,0,360,360,0.03333333333333333,0,0.04,0,0,0,wheel,standard,motor_oddball
909,2,Sensory-motor mismatch block,26,908,0,0,1,0,360,360,0.03333333333333333,0,0.04,0,0,0,wheel,standard,motor_oddball
910,2,Sensory-motor mismatch block,26,909,0,0,1,0,360,360,0.03333333333333333,0,0.04,0,0,0,wheel,standard,motor_oddball
911,2,Sensory-motor mismatch block,26,910,0,0,1,0,360,360,0.03333333333333333,0,0.04,0,0,0,wheel,standard,motor_oddball
912,2,Sensory-motor mismatch block,26,911,0,0,1,0,360,360,0.03333333333333333,0,0.04,0,0,0,wheel,standard,motor_oddball
913,2,Sensory-motor mismatch block,26,912,0,0,1,0,360,360,0.03333333333333333,0,0.04,0,0,0,wheel,standard,motor_oddball
914,2,Sensory-motor mismatch block,26,913,0,0,1,0,360,360,0.03333333333333333,0,0.04,0,0,0,wheel,standard,motor_oddball
915,2,Sensory-motor mismatch block,26,914,0,0,1,0,360,360,0.03333333333333333,0,0.04,0,0,0,wheel,standard,motor_oddball
916,2,Sensory-motor mismatch block,26,915,0,0,1,0,360,360,0.03333333333333333,0,0.04,0,0,0,wheel,standard,motor_oddball
917,2,Sensory-motor mismatch block,26,916,0,0,1,0,360,360,0.03333333333333333,0,0.04,0,0,0,wheel,standard,motor_oddball
918,2,Sensory-motor mismatch block,26,917,0,0,1,0,360,360,0.03333333333333333,0,0.04,0,0,0,wheel,standard,motor_oddball
919,2,Sensory-motor mismatch block,26,918,0,0,1,0,360,360,0.03333333333333333,0,0.04,0,0,0,wheel,standard,motor_oddball
920,2,Sensory-motor mismatch block,26,919,0,0,1,0,360,360,0.03333333333333333,0,0.04,0,0,0,wheel,standard,motor_oddball
921,2,Sensory-motor mismatch block,26,920,0,0,1,0,360,360,0.03333333333333333,0,0.04,0,0,0,wheel,standard,motor_oddball
922,2,Sensory-motor mismatch block,26,921,0,0,1,0,360,360,0.03333333333333333,0,0.04,0,0,0,wheel,standard,motor_oddball
923,2,Sensory-motor mismatch block,26,922,0,0,1,0,360,360,0.03333333333333333,0,0.04,0,0,0,wheel,standard,motor_oddball
924,2,Sensory-motor mismatch block,26,923,0,0,1,0,360,360,0.03333333333333333,0,0.04,0,0,0,wheel,standard,motor_oddball
925,2,Sensory-motor mismatch block,26,924,0,0,1,0,360,360,0.03333333333333333,0,0.04,0,0,0,wheel,standard,motor_oddball
926,2,Sensory-motor mismatch block,26,925,0,0,1,0,360,360,0.03333333333333333,0,0.04,0,0,0,wheel,standard,motor_oddball
927,2,Sensory-motor mismatch block,26,926,0,0,1,0,360,360,0.03333333333333333,0,0.04,0,0,0,wheel,standard,motor_oddball
928,2,Sensory-motor mismatch block,26,927,0,0,1,0,360,360,0.03333333333333333,0,0.04,0,0,0,wheel,standard,motor_oddball
929,2,Sensory-motor mismatch block,26,928,0,0,1,0,360,360,0.03333333333333333,0,0.04,0,0,0,wheel,standard,motor_oddball
930,2,Sensory-motor mismatch block,26,929,0,0,1,0,360,360,0.03333333333333333,0,0.04,0,0,0,wheel,standard,motor_oddball
931,2,Sensory-motor mismatch block,26,930,0,0,1,0,360,360,0.03333333333333333,0,0.04,0,0,0,wheel,standard,motor_oddball
932,2,Sensory-motor mismatch block,26,931,0,0,1,0,360,360,0.03333333333333333,0,0.04,0,0,0,wheel,standard,motor_oddball
933,2,Sensory-motor mismatch block,26,932,0,0,1,0,360,360,0.03333333333333333,0,0.04,0,0,0,wheel,standard,motor_oddball
934,2,Sensory-motor mismatch block,26,933,0,0,1,0,360,360,0.03333333333333333,0,0.04,0,0,0,wheel,standard,motor_oddball
935,2,Sensory-motor mismatch block,26,934,0,0,1,0,360,360,0.03333333333333333,0,0.04,0,0,0,wheel,standard,motor_oddball
936,2,Sensory-motor mismatch block,26,935,0,0,1,0,360,360,0.03333333333333333,0,0.04,0,0,0,wheel,standard,motor_oddball
937,2,Sensory-motor mismatch block,26,936,0,0,1,0,360,360,0.03333333333333333,0,0.04,0,0,0,wheel,standard,motor_oddball
938,2,Sensory-motor mismatch block,26,937,0,0,1,0,360,360,0.03333333333333333,0,0.04,0,0,0,wheel,standard,motor_oddball
939,2,Sensory-motor mismatch block,26,938,0,0,1,0,360,360,0.03333333333333333,0,0.04,0,0,0,wheel,standard,motor_oddball
940,2,Sensory-motor mismatch block,26,939,0,0,1,0,360,360,0.03333333333333333,0,0.04,0,0,0,wheel,standard,motor_oddball
941,2,Sensory-motor mismatch block,26,940,0,0,1,0,360,360,0.03333333333333333,0,0.04,0,0,0,wheel,standard,motor_oddball
942,2,Sensory-motor mismatch block,26,941,0,0,1,0,360,360,0.03333333333333333,0,0.04,0,0,0,wheel,standard,motor_oddball
943,2,Sensory-motor mismatch block,26,942,0,0,1,0,360,360,0.03333333333333333,0,0.04,0,0,0,wheel,standard,motor_oddball
944,2,Sensory-motor mismatch block,26,943,0,0,1,0,360,360,0.03333333333333333,0,0.04,0,0,0,wheel,standard,motor_oddball
945,2,Sensory-motor mismatch block,26,944,0,0,1,0,360,360,0.03333333333333333,0,0.04,0,0,0,wheel,standard,motor_oddball
946,2,Sensory-motor mismatch block,26,945,0,0,1,0,360,360,0.03333333333333333,0,0.04,0,0,0,wheel,standard,motor_oddball
947,2,Sensory-motor mismatch block,26,946,0,0,1,0,360,360,0.03333333333333333,0,0.04,0,0,0,wheel,standard,motor_oddball
948,2,Sensory-motor mismatch block,26,947,0,0,1,0,360,360,0.03333333333333333,0,0.04,0,0,0,wheel,standard,motor_oddball
949,2,Sensory-motor mismatch block,26,948,0,0,1,0,360,360,0.03333333333333333,0,0.04,0,0,0,wheel,standard,motor_oddball
950,2,Sensory-motor mismatch block,26,949,0,0,1,0,360,360,0.03333333333333333,0,0.04,0,0,0,wheel,standard,motor_oddball
951,2,Sensory-motor mismatch block,26,950,0,0,1,0,360,360,0.03333333333333333,0,0.04,0,0,0,wheel,standard,motor_oddball
952,2,Sensory-motor mismatch block,26,951,0,0,1,0,360,360,0.03333333333333333,0,0.04,0,0,0,wheel,standard,motor_oddball
953,2,Sensory-motor mismatch block,26,952,0,0,1,0,360,360,0.03333333333333333,0,0.04,0,0,0,wheel,standard,motor_oddball
954,2,Sensory-motor mismatch block,26,953,0,0,1,0,360,360,0.03333333333333333,0,0.04,0,0,0,wheel,standard,motor_oddball
955,2,Sensory-motor mismatch block,26,954,0,0,1,0,360,360,0.03333333333333333,0,0.04,0,0,0,wheel,standard,motor_oddball
956,2,Sensory-motor mismatch block,26,955,0,0,1,0,360,360,0.03333333333333333,0,0.04,0,0,0,wheel,standard,motor_oddball
957,2,Sensory-motor mismatch block,26,956,0,0,1,0,360,360,0.03333333333333333,0,0.04,0,0,0,wheel,standard,motor_oddball
958,2,Sensory-motor mismatch block,26,957,0,0,1,0,360,360,0.03333333333333333,0,0.04,0,0,0,wheel,standard,motor_oddball
959,2,Sensory-motor mismatch block,26,958,0,0,1,0,360,360,0.03333333333333333,0,0.04,0,0,0,wheel,standard,motor_oddball
960,2,Sensory-motor mismatch block,26,959,0,0,1,0,360,360,0.03333333333333333,0,0.04,0,0,0,wheel,standard,motor_oddball
961,2,Sensory-motor mismatch block,26,960,0,0,1,0,360,360,0.03333333333333333,0,0.04,0,0,0,wheel,standard,motor_oddball
962,2,Sensory-motor mismatch block,26,961,0,0,1,0,360,360,0.03333333333333333,0,0.04,0,0,0,wheel,standard,motor_oddball
963,2,Sensory-motor mismatch block,26,962,0,0,1,0,360,360,0.03333333333333333,0,0.04,0,0,0,wheel,standard,motor_oddball
964,2,Sensory-motor mismatch block,26,963,0,0,1,0,360,360,0.03333333333333333,0,0.04,0,0,0,wheel,standard,motor_oddball
965,2,Sensory-motor mismatch block,26,964,0,0,1,0,360,360,0.03333333333333333,0,0.04,0,0,0,wheel,standard,motor_oddball
966,2,Sensory-motor mismatch block,26,965,0,0,1,0,360,360,0.03333333333333333,0,0.04,0,0,0,wheel,standard,motor_oddball
967,2,Sensory-motor mismatch block,26,966,0,0,1,0,360,360,0.03333333333333333,0,0.04,0,0,0,wheel,standard,motor_oddball
968,2,Sensory-motor mismatch block,26,967,0,0,1,0,360,360,0.03333333333333333,0,0.04,0,0,0,wheel,standard,motor_oddball
969,2,Sensory-motor mismatch block,26,968,0,0,1,0,360,360,0.03333333333333333,0,0.04,0,0,0,wheel,standard,motor_oddball
970,2,Sensory-motor mismatch block,26,969,0,0,1,0,360,360,0.03333333333333333,0,0.04,0,0,0,wheel,standard,motor_oddball
971,2,Sensory-motor mismatch block,26,970,0,0,1,0,360,360,0.03333333333333333,0,0.04,0,0,0,wheel,standard,motor_oddball
972,2,Sensory-motor mismatch block,26,971,0,0,1,0,360,360,0.03333333333333333,0,0.04,0,0,0,wheel,standard,motor_oddball
973,2,Sensory-motor mismatch block,26,972,0,0,1,0,360,360,0.03333333333333333,0,0.04,0,0,0,wheel,standard,motor_oddball
974,2,Sensory-motor mismatch block,26,973,0,0,1,0,360,360,0.03333333333333333,0,0.04,0,0,0,wheel,standard,motor_oddball
975,2,Sensory-motor mismatch block,26,974,0,0,1,0,360,360,0.03333333333333333,0,0.04,0,0,0,wheel,standard,motor_oddball
976,2,Sensory-motor mismatch block,26,975,0,0,1,0,360,360,0.03333333333333333,0,0.04,0,0,0,wheel,standard,motor_oddball
977,2,Sensory-motor mismatch block,26,976,0,0,1,0,360,360,0.03333333333333333,0,0.04,0,0,0,wheel,standard,motor_oddball
978,2,Sensory-motor mismatch block,26,977,0,0,1,0,360,360,0.03333333333333333,0,0.04,0,0,0,wheel,standard,motor_oddball
979,2,Sensory-motor mismatch block,26,978,0,0,1,0,360,360,0.03333333333333333,0,0.04,0,0,0,wheel,standard,motor_oddball
980,2,Sensory-motor mismatch block,26,979,0,0,1,0,360,360,0.03333333333333333,0,0.04,0,0,0,wheel,standard,motor_oddball
981,2,Sensory-motor mismatch block,26,980,0,0,1,0,360,360,0.03333333333333333,0,0.04,0,0,0,wheel,standard,motor_oddball
982,2,Sensory-motor mismatch block,26,981,0,0,1,0,360,360,0.03333333333333333,0,0.04,0,0,0,wheel,standard,motor_oddball
983,2,Sensory-motor mismatch block,26,982,0,0,1,0,360,360,0.03333333333333333,0,0.04,0,0,0,wheel,standard,motor_oddball
984,2,Sensory-motor mismatch block,26,983,0,0,1,0,360,360,0.03333333333333333,0,0.04,0,0,0,wheel,standard,motor_oddball
985,2,Sensory-motor mismatch block,26,984,0,0,1,0,360,360,0.03333333333333333,0,0.04,0,0,0,wheel,standard,motor_oddball
986,2,Sensory-motor mismatch block,26,985,0,0,1,0,360,360,0.03333333333333333,0,0.04,0,0,0,wheel,standard,motor_oddball
987,2,Sensory-motor mismatch block,26,986,0,0,1,0,360,360,0.03333333333333333,0,0.04,0,0,0,wheel,standard,motor_oddball
988,2,Sensory-motor mismatch block,26,987,0,0,1,0,360,360,0.03333333333333333,0,0.04,0,0,0,wheel,standard,motor_oddball
989,2,Sensory-motor mismatch block,26,988,0,0,1,0,360,360,0.03333333333333333,0,0.04,0,0,0,wheel,standard,motor_oddball
990,2,Sensory-motor mismatch block,26,989,0,0,1,0,360,360,0.03333333333333333,0,0.04,0,0,0,wheel,standard,motor_oddball
991,2,Sensory-motor mismatch block,26,990,0,0,1,0,360,360,0.03333333333333333,0,0.04,0,0,0,wheel,standard,motor_oddball
992,2,Sensory-motor mismatch block,26,991,0,0,1,0,360,360,0.03333333333333333,0,0.04,0,0,0,wheel,standard,motor_oddball
993,2,Sensory-motor mismatch block,26,992,0,0,1,0,360,360,0.03333333333333333,0,0.04,0,0,0,wheel,standard,motor_oddball
994,2,Sensory-motor mismatch block,26,993,0,0,1,0,360,360,0.03333333333333333,0,0.04,0,0,0,wheel,standard,motor_oddball
995,2,Sensory-motor mismatch block,26,994,0,0,1,0,360,360,0.03333333333333333,0,0.04,0,0,0,wheel,standard,motor_oddball
996,2,Sensory-motor mismatch block,26,995,0,0,1,0,360,360,0.03333333333333333,0,0.04,0,0,0,wheel,standard,motor_oddball
997,2,Sensory-motor mismatch block,26,996,0,0,1,0,360,360,0.03333333333333333,0,0.04,0,0,0,wheel,standard,motor_oddball
998,2,Sensory-motor mismatch block,26,997,0,0,1,0,360,360,0.03333333333333333,0,0.04,0,0,0,wheel,standard,motor_oddball
999,2,Sensory-motor mismatch block,26,998,0,0,1,0,360,360,0.03333333333333333,0,0.04,0,0,0,wheel,standard,motor_oddball
1000,2,Sensory-motor mismatch block,26,999,0,0,1,0,360,360,0.03333333333333333,0,0.04,0,0,0,wheel,standard,motor_oddball
1001,2,Sensory-motor mismatch block,26,1000,0,0,1,0,360,360,0.03333333333333333,0,0.04,0,0,0,wheel,standard,motor_oddball
1002,2,Sensory-motor mismatch block,26,1001,0,0,1,0,360,360,0.03333333333333333,0,0.04,0,0,0,wheel,standard,motor_oddball
1003,2,Sensory-motor mismatch block,26,1002,0,0,1,0,360,360,0.03333333333333333,0,0.04,0,0,0,wheel,standard,motor_oddball
1004,2,Sensory-motor mismatch block,26,1003,0,0,1,0,360,360,0.03333333333333333,0,0.04,0,0,0,wheel,standard,motor_oddball
1005,2,Sensory-motor mismatch block,26,1004,0,0,1,0,360,360,0.03333333333333333,0,0.04,0,0,0,wheel,standard,motor_oddball
1006,2,Sensory-motor mismatch block,26,1005,0,0,1,0,360,360,0.03333333333333333,0,0.04,0,0,0,wheel,standard,motor_oddball
1007,2,Sensory-motor mismatch block,26,1006,0,0,1,0,360,360,0.03333333333333333,0,0.04,0,0,0,wheel,standard,motor_oddball
1008,2,Sensory-motor mismatch block,26,1007,0,0,1,0,360,360,0.03333333333333333,0,0.04,0,0,0,wheel,standard,motor_oddball
1009,2,Sensory-motor mismatch block,26,1008,0,0,1,0,360,360,0.03333333333333333,0,0.04,0,0,0,wheel,standard,motor_oddball
1010,2,Sensory-motor mismatch block,26,1009,0,0,1,0,360,360,0.03333333333333333,0,0.04,0,0,0,wheel,standard,motor_oddball
1011,2,Sensory-motor mismatch block,26,1010,0,0,1,0,360,360,0.03333333333333333,0,0.04,0,0,0,wheel,standard,motor_oddball
1012,2,Sensory-motor mismatch block,26,1011,0,0,1,0,360,360,0.03333333333333333,0,0.04,0,0,0,wheel,standard,motor_oddball
1013,2,Sensory-motor mismatch block,26,1012,0,0,1,0,360,360,0.03333333333333333,0,0.04,0,0,0,wheel,standard,motor_oddball
1014,2,Sensory-motor mismatch block,26,1013,0,0,1,0,360,360,0.03333333333333333,0,0.04,0,0,0,wheel,standard,motor_oddball
1015,2,Sensory-motor mismatch block,26,1014,0,0,1,0,360,360,0.03333333333333333,0,0.04,0,0,0,wheel,standard,motor_oddball
1016,2,Sensory-motor mismatch block,26,1015,0,0,1,0,360,360,0.03333333333333333,0,0.04,0,0,0,wheel,standard,motor_oddball
1017,2,Sensory-motor mismatch block,26,1016,0,0,1,0,360,360,0.03333333333333333,0,0.04,0,0,0,wheel,standard,motor_oddball
1018,2,Sensory-motor mismatch block,26,1017,0,0,1,0,360,360,0.03333333333333333,0,0.04,0,0,0,wheel,standard,motor_oddball
1019,2,Sensory-motor mismatch block,26,1018,0,0,1,0,360,360,0.03333333333333333,0,0.04,0,0,0,wheel,standard,motor_oddball
1020,2,Sensory-motor mismatch block,26,1019,0,0,1,0,360,360,0.03333333333333333,0,0.04,0,0,0,wheel,standard,motor_oddball
1021,2,Sensory-motor mismatch block,26,1020,0,0,1,0,360,360,0.03333333333333333,0,0.04,0,0,0,wheel,standard,motor_oddball
1022,2,Sensory-motor mismatch block,26,1021,0,0,1,0,360,360,0.03333333333333333,0,0.04,0,0,0,wheel,standard,motor_oddball
1023,2,Sensory-motor mismatch block,26,1022,0,0,1,0,360,360,0.03333333333333333,0,0.04,0,0,0,wheel,standard,motor_oddball
1024,2,Sensory-motor mismatch block,26,1023,0,0,1,0,360,360,0.03333333333333333,0,0.04,0,0,0,wheel,standard,motor_oddball
1025,2,Sensory-motor mismatch block,26,1024,0,0,1,0,360,360,0.03333333333333333,0,0.04,0,0,0,wheel,standard,motor_oddball
1026,2,Sensory-motor mismatch block,26,1025,0,0,1,0,360,360,0.03333333333333333,0,0.04,0,0,0,wheel,standard,motor_oddball
1027,2,Sensory-motor mismatch block,26,1026,0,0,1,0,360,360,0.03333333333333333,0,0.04,0,0,0,wheel,standard,motor_oddball
1028,2,Sensory-motor mismatch block,26,1027,0,0,1,0,360,360,0.03333333333333333,0,0.04,0,0,0,wheel,standard,motor_oddball
1029,2,Sensory-motor mismatch block,26,1028,0,0,1,0,360,360,0.03333333333333333,0,0.04,0,0,0,wheel,standard,motor_oddball
1030,2,Sensory-motor mismatch block,26,1029,0,0,1,0,360,360,0.03333333333333333,0,0.04,0,0,0,wheel,standard,motor_oddball
1031,2,Sensory-motor mismatch block,26,1030,0,0,1,0,360,360,0.03333333333333333,0,0.04,0,0,0,wheel,standard,motor_oddball
1032,2,Sensory-motor mismatch block,26,1031,0,0,1,0,360,360,0.03333333333333333,0,0.04,0,0,0,wheel,standard,motor_oddball
1033,2,Sensory-motor mismatch block,26,1032,0,0,1,0,360,360,0.03333333333333333,0,0.04,0,0,0,wheel,standard,motor_oddball
1034,2,Sensory-motor mismatch block,26,1033,0,0,1,0,360,360,0.03333333333333333,0,0.04,0,0,0,wheel,standard,motor_oddball
1035,2,Sensory-motor mismatch block,26,1034,0,0,1,0,360,360,0.03333333333333333,0,0.04,0,0,0,wheel,standard,motor_oddball
1036,2,Sensory-motor mismatch block,26,1035,0,0,1,0,360,360,0.03333333333333333,0,0.04,0,0,0,wheel,standard,motor_oddball
1037,2,Sensory-motor mismatch block,26,1036,0,0,1,0,360,360,0.03333333333333333,0,0.04,0,0,0,wheel,standard,motor_oddball
1038,2,Sensory-motor mismatch block,26,1037,0,0,1,0,360,360,0.03333333333333333,0,0.04,0,0,0,wheel,standard,motor_oddball
1039,2,Sensory-motor mismatch block,26,1038,0,0,1,0,360,360,0.03333333333333333,0,0.04,0,0,0,wheel,standard,motor_oddball
1040,2,Sensory-motor mismatch block,26,1039,0,0,1,0,360,360,0.03333333333333333,0,0.04,0,0,0,wheel,standard,motor_oddball
1041,2,Sensory-motor mismatch block,26,1040,0,0,1,0,360,360,0.03333333333333333,0,0.04,0,0,0,wheel,standard,motor_oddball
1042,2,Sensory-motor mismatch block,26,1041,0,0,1,0,360,360,0.03333333333333333,0,0.04,0,0,0,wheel,standard,motor_oddball
1043,2,Sensory-motor mismatch block,26,1042,0,0,1,0,360,360,0.03333333333333333,0,0.04,0,0,0,wheel,standard,motor_oddball
1044,2,Sensory-motor mismatch block,26,1043,0,0,1,0,360,360,0.03333333333333333,0,0.04,0,0,0,wheel,standard,motor_oddball
1045,2,Sensory-motor mismatch block,26,1044,0,0,1,0,360,360,0.03333333333333333,0,0.04,0,0,0,wheel,standard,motor_oddball
1046,2,Sensory-motor mismatch block,26,1045,0,0,1,0,360,360,0.03333333333333333,0,0.04,0,0,0,wheel,standard,motor_oddball
1047,2,Sensory-motor mismatch block,26,1046,0,0,1,0,360,360,0.03333333333333333,0,0.04,0,0,0,wheel,standard,motor_oddball
1048,2,Sensory-motor mismatch block,26,1047,0,0,1,0,360,360,0.03333333333333333,0,0.04,0,0,0,wheel,standard,motor_oddball
1049,2,Sensory-motor mismatch block,26,1048,0,0,1,0,360,360,0.03333333333333333,0,0.04,0,0,0,wheel,standard,motor_oddball
1050,2,Sensory-motor mismatch block,26,1049,0,0,1,0,360,360,0.03333333333333333,0,0.04,0,0,0,wheel,standard,motor_oddball
1051,2,Sensory-motor mismatch block,26,1050,0,0,1,0,360,360,0.03333333333333333,0,0.04,0,0,0,wheel,standard,motor_oddball
1052,2,Sensory-motor mismatch block,26,1051,0,0,1,0,360,360,0.03333333333333333,0,0.04,0,0,0,wheel,standard,motor_oddball
1053,2,Sensory-motor mismatch block,26,1052,0,0,1,0,360,360,0.03333333333333333,0,0.04,0,0,0,wheel,standard,motor_oddball
1054,2,Sensory-motor mismatch block,26,1053,0,0,1,0,360,360,0.03333333333333333,0,0.04,0,0,0,wheel,standard,motor_oddball
1055,2,Sensory-motor mismatch block,26,1054,0,0,1,0,360,360,0.03333333333333333,0,0.04,0,0,0,wheel,standard,motor_oddball
1056,2,Sensory-motor mismatch block,26,1055,0,0,1,0,360,360,0.03333333333333333,0,0.04,0,0,0,wheel,standard,motor_oddball
1057,2,Sensory-motor mismatch block,26,1056,0,0,1,0,360,360,0.03333333333333333,0,0.04,0,0,0,wheel,standard,motor_oddball
1058,2,Sensory-motor mismatch block,26,1057,0,0,1,0,360,360,0.03333333333333333,0,0.04,0,0,0,wheel,standard,motor_oddball
1059,2,Sensory-motor mismatch block,26,1058,0,0,1,0,360,360,0.03333333333333333,0,0.04,0,0,0,wheel,standard,motor_oddball
1060,2,Sensory-motor mismatch block,26,1059,0,0,1,0,360,360,0.03333333333333333,0,0.04,0,0,0,wheel,standard,motor_oddball
1061,2,Sensory-motor mismatch block,26,1060,0,0,1,0,360,360,0.03333333333333333,0,0.04,0,0,0,wheel,standard,motor_oddball
1062,2,Sensory-motor mismatch block,26,1061,0,0,1,0,360,360,0.03333333333333333,0,0.04,0,0,0,wheel,standard,motor_oddball
1063,2,Sensory-motor mismatch block,26,1062,0,0,1,0,360,360,0.03333333333333333,0,0.04,0,0,0,wheel,standard,motor_oddball
1064,2,Sensory-motor mismatch block,26,1063,0,0,1,0,360,360,0.03333333333333333,0,0.04,0,0,0,wheel,standard,motor_oddball
1065,2,Sensory-motor mismatch block,26,1064,0,0,1,0,360,360,0.03333333333333333,0,0.04,0,0,0,wheel,standard,motor_oddball
1066,2,Sensory-motor mismatch block,26,1065,0,0,1,0,360,360,0.03333333333333333,0,0.04,0,0,0,wheel,standard,motor_oddball
1067,2,Sensory-motor mismatch block,26,1066,0,0,1,0,360,360,0.03333333333333333,0,0.04,0,0,0,wheel,standard,motor_oddball
1068,2,Sensory-motor mismatch block,26,1067,0,0,1,0,360,360,0.03333333333333333,0,0.04,0,0,0,wheel,standard,motor_oddball
1069,2,Sensory-motor mismatch block,26,1068,0,0,1,0,360,360,0.03333333333333333,0,0.04,0,0,0,wheel,standard,motor_oddball
1070,2,Sensory-motor mismatch block,26,1069,0,0,1,0,360,360,0.03333333333333333,0,0.04,0,0,0,wheel,standard,motor_oddball
1071,2,Sensory-motor mismatch block,26,1070,0,0,1,0,360,360,0.343,90,0.04,2,0,0,wheel,motor_orientation_90,motor_oddball
1072,2,Sensory-motor mismatch block,26,1071,0,0,1,0,360,360,0.03333333333333333,0,0.04,0,0,0,wheel,standard,motor_oddball
1073,2,Sensory-motor mismatch block,26,1072,0,0,1,0,360,360,0.03333333333333333,0,0.04,0,0,0,wheel,standard,motor_oddball
1074,2,Sensory-motor mismatch block,26,1073,0,0,1,0,360,360,0.03333333333333333,0,0.04,0,0,0,wheel,standard,motor_oddball
1075,2,Sensory-motor mismatch block,26,1074,0,0,1,0,360,360,0.03333333333333333,0,0.04,0,0,0,wheel,standard,motor_oddball
1076,2,Sensory-motor mismatch block,26,1075,0,0,1,0,360,360,0.03333333333333333,0,0.04,0,0,0,wheel,standard,motor_oddball
1077,2,Sensory-motor mismatch block,26,1076,0,0,1,0,360,360,0.03333333333333333,0,0.04,0,0,0,wheel,standard,motor_oddball
1078,2,Sensory-motor mismatch block,26,1077,0,0,1,0,360,360,0.03333333333333333,0,0.04,0,0,0,wheel,standard,motor_oddball
1079,2,Sensory-motor mismatch block,26,1078,0,0,1,0,360,360,0.03333333333333333,0,0.04,0,0,0,wheel,standard,motor_oddball
1080,2,Sensory-motor mismatch block,26,1079,0,0,1,0,360,360,0.03333333333333333,0,0.04,0,0,0,wheel,standard,motor_oddball
1081,2,Sensory-motor mismatch block,26,1080,0,0,1,0,360,360,0.03333333333333333,0,0.04,0,0,0,wheel,standard,motor_oddball
1082,2,Sensory-motor mismatch block,26,1081,0,0,1,0,360,360,0.03333333333333333,0,0.04,0,0,0,wheel,standard,motor_oddball
1083,2,Sensory-motor mismatch block,26,1082,0,0,1,0,360,360,0.03333333333333333,0,0.04,0,0,0,wheel,standard,motor_oddball
1084,2,Sensory-motor mismatch block,26,1083,0,0,1,0,360,360,0.03333333333333333,0,0.04,0,0,0,wheel,standard,motor_oddball
1085,2,Sensory-motor mismatch block,26,1084,0,0,1,0,360,360,0.03333333333333333,0,0.04,0,0,0,wheel,standard,motor_oddball
1086,2,Sensory-motor mismatch block,26,1085,0,0,1,0,360,360,0.03333333333333333,0,0.04,0,0,0,wheel,standard,motor_oddball
1087,2,Sensory-motor mismatch block,26,1086,0,0,1,0,360,360,0.03333333333333333,0,0.04,0,0,0,wheel,standard,motor_oddball
1088,2,Sensory-motor mismatch block,26,1087,0,0,1,0,360,360,0.03333333333333333,0,0.04,0,0,0,wheel,standard,motor_oddball
1089,2,Sensory-motor mismatch block,26,1088,0,0,1,0,360,360,0.03333333333333333,0,0.04,0,0,0,wheel,standard,motor_oddball
1090,2,Sensory-motor mismatch block,26,1089,0,0,1,0,360,360,0.03333333333333333,0,0.04,0,0,0,wheel,standard,motor_oddball
1091,2,Sensory-motor mismatch block,26,1090,0,0,1,0,360,360,0.03333333333333333,0,0.04,0,0,0,wheel,standard,motor_oddball
1092,2,Sensory-motor mismatch block,26,1091,0,0,1,0,360,360,0.03333333333333333,0,0.04,0,0,0,wheel,standard,motor_oddball
1093,2,Sensory-motor mismatch block,26,1092,0,0,1,0,360,360,0.03333333333333333,0,0.04,0,0,0,wheel,standard,motor_oddball
1094,2,Sensory-motor mismatch block,26,1093,0,0,1,0,360,360,0.03333333333333333,0,0.04,0,0,0,wheel,standard,motor_oddball
1095,2,Sensory-motor mismatch block,26,1094,0,0,1,0,360,360,0.03333333333333333,0,0.04,0,0,0,wheel,standard,motor_oddball
1096,2,Sensory-motor mismatch block,26,1095,0,0,1,0,360,360,0.03333333333333333,0,0.04,0,0,0,wheel,standard,motor_oddball
1097,2,Sensory-motor mismatch block,26,1096,0,0,1,0,360,360,0.03333333333333333,0,0.04,0,0,0,wheel,standard,motor_oddball
1098,2,Sensory-motor mismatch block,26,1097,0,0,1,0,360,360,0.03333333333333333,0,0.04,0,0,0,wheel,standard,motor_oddball
1099,2,Sensory-motor mismatch block,26,1098,0,0,1,0,360,360,0.03333333333333333,0,0.04,0,0,0,wheel,standard,motor_oddball
1100,2,Sensory-motor mismatch block,26,1099,0,0,1,0,360,360,0.03333333333333333,0,0.04,0,0,0,wheel,standard,motor_oddball
1101,2,Sensory-motor mismatch block,26,1100,0,0,1,0,360,360,0.03333333333333333,0,0.04,0,0,0,wheel,standard,motor_oddball
1102,2,Sensory-motor mismatch block,26,1101,0,0,1,0,360,360,0.03333333333333333,0,0.04,0,0,0,wheel,standard,motor_oddball
1103,2,Sensory-motor mismatch block,26,1102,0,0,1,0,360,360,0.03333333333333333,0,0.04,0,0,0,wheel,standard,motor_oddball
1104,2,Sensory-motor mismatch block,26,1103,0,0,1,0,360,360,0.03333333333333333,0,0.04,0,0,0,wheel,standard,motor_oddball
1105,2,Sensory-motor mismatch block,26,1104,0,0,1,0,360,360,0.03333333333333333,0,0.04,0,0,0,wheel,standard,motor_oddball
1106,2,Sensory-motor mismatch block,26,1105,0,0,1,0,360,360,0.03333333333333333,0,0.04,0,0,0,wheel,standard,motor_oddball
1107,2,Sensory-motor mismatch block,26,1106,0,0,1,0,360,360,0.03333333333333333,0,0.04,0,0,0,wheel,standard,motor_oddball
1108,2,Sensory-motor mismatch block,26,1107,0,0,1,0,360,360,0.03333333333333333,0,0.04,0,0,0,wheel,standard,motor_oddball
1109,2,Sensory-motor mismatch block,26,1108,0,0,1,0,360,360,0.03333333333333333,0,0.04,0,0,0,wheel,standard,motor_oddball
1110,2,Sensory-motor mismatch block,26,1109,0,0,1,0,360,360,0.03333333333333333,0,0.04,0,0,0,wheel,standard,motor_oddball
1111,2,Sensory-motor mismatch block,26,1110,0,0,1,0,360,360,0.03333333333333333,0,0.04,0,0,0,wheel,standard,motor_oddball
1112,2,Sensory-motor mismatch block,26,1111,0,0,1,0,360,360,0.03333333333333333,0,0.04,0,0,0,wheel,standard,motor_oddball
1113,2,Sensory-motor mismatch block,26,1112,0,0,1,0,360,360,0.03333333333333333,0,0.04,0,0,0,wheel,standard,motor_oddball
1114,2,Sensory-motor mismatch block,26,1113,0,0,1,0,360,360,0.03333333333333333,0,0.04,0,0,0,wheel,standard,motor_oddball
1115,2,Sensory-motor mismatch block,26,1114,0,0,1,0,360,360,0.03333333333333333,0,0.04,0,0,0,wheel,standard,motor_oddball
1116,2,Sensory-motor mismatch block,26,1115,0,0,1,0,360,360,0.03333333333333333,0,0.04,0,0,0,wheel,standard,motor_oddball
1117,2,Sensory-motor mismatch block,26,1116,0,0,1,0,360,360,0.03333333333333333,0,0.04,0,0,0,wheel,standard,motor_oddball
1118,2,Sensory-motor mismatch block,26,1117,0,0,1,0,360,360,0.03333333333333333,0,0.04,0,0,0,wheel,standard,motor_oddball
1119,2,Sensory-motor mismatch block,26,1118,0,0,1,0,360,360,0.03333333333333333,0,0.04,0,0,0,wheel,standard,motor_oddball
1120,2,Sensory-motor mismatch block,26,1119,0,0,1,0,360,360,0.03333333333333333,0,0.04,0,0,0,wheel,standard,motor_oddball
1121,2,Sensory-motor mismatch block,26,1120,0,0,1,0,360,360,0.03333333333333333,0,0.04,0,0,0,wheel,standard,motor_oddball
1122,2,Sensory-motor mismatch block,26,1121,0,0,1,0,360,360,0.03333333333333333,0,0.04,0,0,0,wheel,standard,motor_oddball
1123,2,Sensory-motor mismatch block,26,1122,0,0,1,0,360,360,0.03333333333333333,0,0.04,0,0,0,wheel,standard,motor_oddball
1124,2,Sensory-motor mismatch block,26,1123,0,0,1,0,360,360,0.03333333333333333,0,0.04,0,0,0,wheel,standard,motor_oddball
1125,2,Sensory-motor mismatch block,26,1124,0,0,1,0,360,360,0.03333333333333333,0,0.04,0,0,0,wheel,standard,motor_oddball
1126,2,Sensory-motor mismatch block,26,1125,0,0,1,0,360,360,0.03333333333333333,0,0.04,0,0,0,wheel,standard,motor_oddball
1127,2,Sensory-motor mismatch block,26,1126,0,0,1,0,360,360,0.03333333333333333,0,0.04,0,0,0,wheel,standard,motor_oddball
1128,2,Sensory-motor mismatch block,26,1127,0,0,1,0,360,360,0.03333333333333333,0,0.04,0,0,0,wheel,standard,motor_oddball
1129,2,Sensory-motor mismatch block,26,1128,0,0,1,0,360,360,0.03333333333333333,0,0.04,0,0,0,wheel,standard,motor_oddball
1130,2,Sensory-motor mismatch block,26,1129,0,0,1,0,360,360,0.03333333333333333,0,0.04,0,0,0,wheel,standard,motor_oddball
1131,2,Sensory-motor mismatch block,26,1130,0,0,1,0,360,360,0.03333333333333333,0,0.04,0,0,0,wheel,standard,motor_oddball
1132,2,Sensory-motor mismatch block,26,1131,0,0,1,0,360,360,0.03333333333333333,0,0.04,0,0,0,wheel,standard,motor_oddball
1133,2,Sensory-motor mismatch block,26,1132,0,0,1,0,360,360,0.03333333333333333,0,0.04,0,0,0,wheel,standard,motor_oddball
1134,2,Sensory-motor mismatch block,26,1133,0,0,1,0,360,360,0.03333333333333333,0,0.04,0,0,0,wheel,standard,motor_oddball
1135,2,Sensory-motor mismatch block,26,1134,0,0,1,0,360,360,0.03333333333333333,0,0.04,0,0,0,wheel,standard,motor_oddball
1136,2,Sensory-motor mismatch block,26,1135,0,0,1,0,360,360,0.03333333333333333,0,0.04,0,0,0,wheel,standard,motor_oddball
1137,2,Sensory-motor mismatch block,26,1136,0,0,1,0,360,360,0.03333333333333333,0,0.04,0,0,0,wheel,standard,motor_oddball
1138,2,Sensory-motor mismatch block,26,1137,0,0,1,0,360,360,0.03333333333333333,0,0.04,0,0,0,wheel,standard,motor_oddball
1139,2,Sensory-motor mismatch block,26,1138,0,0,1,0,360,360,0.03333333333333333,0,0.04,0,0,0,wheel,standard,motor_oddball
1140,2,Sensory-motor mismatch block,26,1139,0,0,1,0,360,360,0.03333333333333333,0,0.04,0,0,0,wheel,standard,motor_oddball
1141,2,Sensory-motor mismatch block,26,1140,0,0,1,0,360,360,0.03333333333333333,0,0.04,0,0,0,wheel,standard,motor_oddball
1142,2,Sensory-motor mismatch block,26,1141,0,0,1,0,360,360,0.03333333333333333,0,0.04,0,0,0,wheel,standard,motor_oddball
1143,2,Sensory-motor mismatch block,26,1142,0,0,1,0,360,360,0.03333333333333333,0,0.04,0,0,0,wheel,standard,motor_oddball
1144,2,Sensory-motor mismatch block,26,1143,0,0,1,0,360,360,0.03333333333333333,0,0.04,0,0,0,wheel,standard,motor_oddball
1145,2,Sensory-motor mismatch block,26,1144,0,0,1,0,360,360,0.03333333333333333,0,0.04,0,0,0,wheel,standard,motor_oddball
1146,2,Sensory-motor mismatch block,26,1145,0,0,1,0,360,360,0.03333333333333333,0,0.04,0,0,0,wheel,standard,motor_oddball
1147,2,Sensory-motor mismatch block,26,1146,0,0,1,0,360,360,0.03333333333333333,0,0.04,0,0,0,wheel,standard,motor_oddball
1148,2,Sensory-motor mismatch block,26,1147,0,0,1,0,360,360,0.03333333333333333,0,0.04,0,0,0,wheel,standard,motor_oddball
1149,2,Sensory-motor mismatch block,26,1148,0,0,1,0,360,360,0.03333333333333333,0,0.04,0,0,0,wheel,standard,motor_oddball
1150,2,Sensory-motor mismatch block,26,1149,0,0,1,0,360,360,0.03333333333333333,0,0.04,0,0,0,wheel,standard,motor_oddball
1151,2,Sensory-motor mismatch block,26,1150,0,0,1,0,360,360,0.03333333333333333,0,0.04,0,0,0,wheel,standard,motor_oddball
1152,2,Sensory-motor mismatch block,26,1151,0,0,1,0,360,360,0.03333333333333333,0,0.04,0,0,0,wheel,standard,motor_oddball
1153,2,Sensory-motor mismatch block,26,1152,0,0,1,0,360,360,0.03333333333333333,0,0.04,0,0,0,wheel,standard,motor_oddball
1154,2,Sensory-motor mismatch block,26,1153,0,0,1,0,360,360,0.03333333333333333,0,0.04,0,0,0,wheel,standard,motor_oddball
1155,2,Sensory-motor mismatch block,26,1154,0,0,1,0,360,360,0.03333333333333333,0,0.04,0,0,0,wheel,standard,motor_oddball
1156,2,Sensory-motor mismatch block,26,1155,0,0,1,0,360,360,0.03333333333333333,0,0.04,0,0,0,wheel,standard,motor_oddball
1157,2,Sensory-motor mismatch block,26,1156,0,0,1,0,360,360,0.03333333333333333,0,0.04,0,0,0,wheel,standard,motor_oddball
1158,2,Sensory-motor mismatch block,26,1157,0,0,1,0,360,360,0.03333333333333333,0,0.04,0,0,0,wheel,standard,motor_oddball
1159,2,Sensory-motor mismatch block,26,1158,0,0,1,0,360,360,0.03333333333333333,0,0.04,0,0,0,wheel,standard,motor_oddball
1160,2,Sensory-motor mismatch block,26,1159,0,0,1,0,360,360,0.03333333333333333,0,0.04,0,0,0,wheel,standard,motor_oddball
1161,2,Sensory-motor mismatch block,26,1160,0,0,1,0,360,360,0.03333333333333333,0,0.04,0,0,0,wheel,standard,motor_oddball
1162,2,Sensory-motor mismatch block,26,1161,0,0,1,0,360,360,0.03333333333333333,0,0.04,0,0,0,wheel,standard,motor_oddball
1163,2,Sensory-motor mismatch block,26,1162,0,0,1,0,360,360,0.03333333333333333,0,0.04,0,0,0,wheel,standard,motor_oddball
1164,2,Sensory-motor mismatch block,26,1163,0,0,1,0,360,360,0.03333333333333333,0,0.04,0,0,0,wheel,standard,motor_oddball
1165,2,Sensory-motor mismatch block,26,1164,0,0,1,0,360,360,0.03333333333333333,0,0.04,0,0,0,wheel,standard,motor_oddball
1166,2,Sensory-motor mismatch block,26,1165,0,0,1,0,360,360,0.03333333333333333,0,0.04,0,0,0,wheel,standard,motor_oddball
1167,2,Sensory-motor mismatch block,26,1166,0,0,1,0,360,360,0.03333333333333333,0,0.04,0,0,0,wheel,standard,motor_oddball
1168,2,Sensory-motor mismatch block,26,1167,0,0,1,0,360,360,0.03333333333333333,0,0.04,0,0,0,wheel,standard,motor_oddball
1169,2,Sensory-motor mismatch block,26,1168,0,0,1,0,360,360,0.03333333333333333,0,0.04,0,0,0,wheel,standard,motor_oddball
1170,2,Sensory-motor mismatch block,26,1169,0,0,1,0,360,360,0.03333333333333333,0,0.04,0,0,0,wheel,standard,motor_oddball
1171,2,Sensory-motor mismatch block,26,1170,0,0,1,0,360,360,0.03333333333333333,0,0.04,0,0,0,wheel,standard,motor_oddball
1172,2,Sensory-motor mismatch block,26,1171,0,0,1,0,360,360,0.03333333333333333,0,0.04,0,0,0,wheel,standard,motor_oddball
1173,2,Sensory-motor mismatch block,26,1172,0,0,1,0,360,360,0.03333333333333333,0,0.04,0,0,0,wheel,standard,motor_oddball
1174,2,Sensory-motor mismatch block,26,1173,0,0,1,0,360,360,0.03333333333333333,0,0.04,0,0,0,wheel,standard,motor_oddball
1175,2,Sensory-motor mismatch block,26,1174,0,0,1,0,360,360,0.03333333333333333,0,0.04,0,0,0,wheel,standard,motor_oddball
1176,2,Sensory-motor mismatch block,26,1175,0,0,1,0,360,360,0.03333333333333333,0,0.04,0,0,0,wheel,standard,motor_oddball
1177,2,Sensory-motor mismatch block,26,1176,0,0,1,0,360,360,0.03333333333333333,0,0.04,0,0,0,wheel,standard,motor_oddball
1178,2,Sensory-motor mismatch block,26,1177,0,0,1,0,360,360,0.03333333333333333,0,0.04,0,0,0,wheel,standard,motor_oddball
1179,2,Sensory-motor mismatch block,26,1178,0,0,1,0,360,360,0.03333333333333333,0,0.04,0,0,0,wheel,standard,motor_oddball
1180,2,Sensory-motor mismatch block,26,1179,0,0,1,0,360,360,0.03333333333333333,0,0.04,0,0,0,wheel,standard,motor_oddball
1181,2,Sensory-motor mismatch block,26,1180,0,0,1,0,360,360,0.03333333333333333,0,0.04,0,0,0,wheel,standard,motor_oddball
1182,2,Sensory-motor mismatch block,26,1181,0,0,1,0,360,360,0.03333333333333333,0,0.04,0,0,0,wheel,standard,motor_oddball
1183,2,Sensory-motor mismatch block,26,1182,0,0,1,0,360,360,0.03333333333333333,0,0.04,0,0,0,wheel,standard,motor_oddball
1184,2,Sensory-motor mismatch block,26,1183,0,0,1,0,360,360,0.03333333333333333,0,0.04,0,0,0,wheel,standard,motor_oddball
1185,2,Sensory-motor mismatch block,26,1184,0,0,1,0,360,360,0.03333333333333333,0,0.04,0,0,0,wheel,standard,motor_oddball
1186,2,Sensory-motor mismatch block,26,1185,0,0,1,0,360,360,0.03333333333333333,0,0.04,0,0,0,wheel,standard,motor_oddball
1187,2,Sensory-motor mismatch block,26,1186,0,0,1,0,360,360,0.03333333333333333,0,0.04,0,0,0,wheel,standard,motor_oddball
1188,2,Sensory-motor mismatch block,26,1187,0,0,1,0,360,360,0.03333333333333333,0,0.04,0,0,0,wheel,standard,motor_oddball
1189,2,Sensory-motor mismatch block,26,1188,0,0,1,0,360,360,0.03333333333333333,0,0.04,0,0,0,wheel,standard,motor_oddball
1190,2,Sensory-motor mismatch block,26,1189,0,0,1,0,360,360,0.03333333333333333,0,0.04,0,0,0,wheel,standard,motor_oddball
1191,2,Sensory-motor mismatch block,26,1190,0,0,1,0,360,360,0.03333333333333333,0,0.04,0,0,0,wheel,standard,motor_oddball
1192,2,Sensory-motor mismatch block,26,1191,0,0,1,0,360,360,0.03333333333333333,0,0.04,0,0,0,wheel,standard,motor_oddball
1193,2,Sensory-motor mismatch block,26,1192,0,0,1,0,360,360,0.03333333333333333,0,0.04,0,0,0,wheel,standard,motor_oddball
1194,2,Sensory-motor mismatch block,26,1193,0,0,1,0,360,360,0.03333333333333333,0,0.04,0,0,0,wheel,standard,motor_oddball
1195,2,Sensory-motor mismatch block,26,1194,0,0,1,0,360,360,0.03333333333333333,0,0.04,0,0,0,wheel,standard,motor_oddball
1196,2,Sensory-motor mismatch block,26,1195,0,0,1,0,360,360,0.03333333333333333,0,0.04,0,0,0,wheel,standard,motor_oddball
1197,2,Sensory-motor mismatch block,26,1196,0,0,1,0,360,360,0.03333333333333333,0,0.04,0,0,0,wheel,standard,motor_oddball
1198,2,Sensory-motor mismatch block,26,1197,0,0,1,0,360,360,0.03333333333333333,0,0.04,0,0,0,wheel,standard,motor_oddball
1199,2,Sensory-motor mismatch block,26,1198,0,0,1,0,360,360,0.03333333333333333,0,0.04,0,0,0,wheel,standard,motor_oddball
1200,2,Sensory-motor mismatch block,26,1199,0,0,1,0,360,360,0.03333333333333333,0,0.04,0,0,0,wheel,standard,motor_oddball
1201,2,Sensory-motor mismatch block,26,1200,0,0,1,0,360,360,0.03333333333333333,0,0.04,0,0,0,wheel,standard,motor_oddball
1202,2,Sensory-motor mismatch block,26,1201,0,0,1,0,360,360,0.03333333333333333,0,0.04,0,0,0,wheel,standard,motor_oddball
1203,2,Sensory-motor mismatch block,26,1202,0,0,1,0,360,360,0.03333333333333333,0,0.04,0,0,0,wheel,standard,motor_oddball
1204,2,Sensory-motor mismatch block,26,1203,0,0,1,0,360,360,0.03333333333333333,0,0.04,0,0,0,wheel,standard,motor_oddball
1205,2,Sensory-motor mismatch block,26,1204,0,0,1,0,360,360,0.03333333333333333,0,0.04,0,0,0,wheel,standard,motor_oddball
1206,2,Sensory-motor mismatch block,26,1205,0,0,1,0,360,360,0.03333333333333333,0,0.04,0,0,0,wheel,standard,motor_oddball
1207,2,Sensory-motor mismatch block,26,1206,0,0,1,0,360,360,0.03333333333333333,0,0.04,0,0,0,wheel,standard,motor_oddball
1208,2,Sensory-motor mismatch block,26,1207,0,0,1,0,360,360,0.03333333333333333,0,0.04,0,0,0,wheel,standard,motor_oddball
1209,2,Sensory-motor mismatch block,26,1208,0,0,1,0,360,360,0.03333333333333333,0,0.04,0,0,0,wheel,standard,motor_oddball
1210,2,Sensory-motor mismatch block,26,1209,0,0,1,0,360,360,0.03333333333333333,0,0.04,0,0,0,wheel,standard,motor_oddball
1211,2,Sensory-motor mismatch block,26,1210,0,0,1,0,360,360,0.03333333333333333,0,0.04,0,0,0,wheel,standard,motor_oddball
1212,2,Sensory-motor mismatch block,26,1211,0,0,1,0,360,360,0.03333333333333333,0,0.04,0,0,0,wheel,standard,motor_oddball
1213,2,Sensory-motor mismatch block,26,1212,0,0,1,0,360,360,0.03333333333333333,0,0.04,0,0,0,wheel,standard,motor_oddball
1214,2,Sensory-motor mismatch block,26,1213,0,0,1,0,360,360,0.03333333333333333,0,0.04,0,0,0,wheel,standard,motor_oddball
1215,2,Sensory-motor mismatch block,26,1214,0,0,1,0,360,360,0.03333333333333333,0,0.04,0,0,0,wheel,standard,motor_oddball
1216,2,Sensory-motor mismatch block,26,1215,0,0,1,0,360,360,0.03333333333333333,0,0.04,0,0,0,wheel,standard,motor_oddball
1217,2,Sensory-motor mismatch block,26,1216,0,0,1,0,360,360,0.03333333333333333,0,0.04,0,0,0,wheel,standard,motor_oddball
1218,2,Sensory-motor mismatch block,26,1217,0,0,1,0,360,360,0.03333333333333333,0,0.04,0,0,0,wheel,standard,motor_oddball
1219,2,Sensory-motor mismatch block,26,1218,0,0,1,0,360,360,0.03333333333333333,0,0.04,0,0,0,wheel,standard,motor_oddball
1220,2,Sensory-motor mismatch block,26,1219,0,0,1,0,360,360,0.03333333333333333,0,0.04,0,0,0,wheel,standard,motor_oddball
1221,2,Sensory-motor mismatch block,26,1220,0,0,1,0,360,360,0.03333333333333333,0,0.04,0,0,0,wheel,standard,motor_oddball
1222,2,Sensory-motor mismatch block,26,1221,0,0,1,0,360,360,0.03333333333333333,0,0.04,0,0,0,wheel,standard,motor_oddball
1223,2,Sensory-motor mismatch block,26,1222,0,0,1,0,360,360,0.03333333333333333,0,0.04,0,0,0,wheel,standard,motor_oddball
1224,2,Sensory-motor mismatch block,26,1223,0,0,1,0,360,360,0.03333333333333333,0,0.04,0,0,0,wheel,standard,motor_oddball
1225,2,Sensory-motor mismatch block,26,1224,0,0,1,0,360,360,0.03333333333333333,0,0.04,0,0,0,wheel,standard,motor_oddball
1226,2,Sensory-motor mismatch block,26,1225,0,0,1,0,360,360,0.03333333333333333,0,0.04,0,0,0,wheel,standard,motor_oddball
1227,2,Sensory-motor mismatch block,26,1226,0,0,1,0,360,360,0.03333333333333333,0,0.04,0,0,0,wheel,standard,motor_oddball
1228,2,Sensory-motor mismatch block,26,1227,0,0,1,0,360,360,0.03333333333333333,0,0.04,0,0,0,wheel,standard,motor_oddball
1229,2,Sensory-motor mismatch block,26,1228,0,0,1,0,360,360,0.03333333333333333,0,0.04,0,0,0,wheel,standard,motor_oddball
1230,2,Sensory-motor mismatch block,26,1229,0,0,1,0,360,360,0.03333333333333333,0,0.04,0,0,0,wheel,standard,motor_oddball
1231,2,Sensory-motor mismatch block,26,1230,0,0,1,0,360,360,0.03333333333333333,0,0.04,0,0,0,wheel,standard,motor_oddball
1232,2,Sensory-motor mismatch block,26,1231,0,0,1,0,360,360,0.03333333333333333,0,0.04,0,0,0,wheel,standard,motor_oddball
1233,2,Sensory-motor mismatch block,26,1232,0,0,1,0,360,360,0.03333333333333333,0,0.04,0,0,0,wheel,standard,motor_oddball
1234,2,Sensory-motor mismatch block,26,1233,0,0,1,0,360,360,0.03333333333333333,0,0.04,0,0,0,wheel,standard,motor_oddball
1235,2,Sensory-motor mismatch block,26,1234,0,0,1,0,360,360,0.03333333333333333,0,0.04,0,0,0,wheel,standard,motor_oddball
1236,2,Sensory-motor mismatch block,26,1235,0,0,1,0,360,360,0.03333333333333333,0,0.04,0,0,0,wheel,standard,motor_oddball
1237,2,Sensory-motor mismatch block,26,1236,0,0,1,0,360,360,0.03333333333333333,0,0.04,0,0,0,wheel,standard,motor_oddball
1238,2,Sensory-motor mismatch block,26,1237,0,0,1,0,360,360,0.03333333333333333,0,0.04,0,0,0,wheel,standard,motor_oddball
1239,2,Sensory-motor mismatch block,26,1238,0,0,1,0,360,360,0.03333333333333333,0,0.04,0,0,0,wheel,standard,motor_oddball
1240,2,Sensory-motor mismatch block,26,1239,0,0,1,0,360,360,0.03333333333333333,0,0.04,0,0,0,wheel,standard,motor_oddball
1241,2,Sensory-motor mismatch block,26,1240,0,0,1,0,360,360,0.03333333333333333,0,0.04,0,0,0,wheel,standard,motor_oddball
1242,2,Sensory-motor mismatch block,26,1241,0,0,1,0,360,360,0.03333333333333333,0,0.04,0,0,0,wheel,standard,motor_oddball
1243,2,Sensory-motor mismatch block,26,1242,0,0,1,0,360,360,0.03333333333333333,0,0.04,0,0,0,wheel,standard,motor_oddball
1244,2,Sensory-motor mismatch block,26,1243,0,0,1,0,360,360,0.03333333333333333,0,0.04,0,0,0,wheel,standard,motor_oddball
1245,2,Sensory-motor mismatch block,26,1244,0,0,1,0,360,360,0.03333333333333333,0,0.04,0,0,0,wheel,standard,motor_oddball
1246,2,Sensory-motor mismatch block,26,1245,0,0,1,0,360,360,0.03333333333333333,0,0.04,0,0,0,wheel,standard,motor_oddball
1247,2,Sensory-motor mismatch block,26,1246,0,0,1,0,360,360,0.03333333333333333,0,0.04,0,0,0,wheel,standard,motor_oddball
1248,2,Sensory-motor mismatch block,26,1247,0,0,1,0,360,360,0.03333333333333333,0,0.04,0,0,0,wheel,standard,motor_oddball
1249,2,Sensory-motor mismatch block,26,1248,0,0,1,0,360,360,0.03333333333333333,0,0.04,0,0,0,wheel,standard,motor_oddball
1250,2,Sensory-motor mismatch block,26,1249,0,0,1,0,360,360,0.03333333333333333,0,0.04,0,0,0,wheel,standard,motor_oddball
1251,2,Sensory-motor mismatch block,26,1250,0,0,1,0,360,360,0.03333333333333333,0,0.04,0,0,0,wheel,standard,motor_oddball
1252,2,Sensory-motor mismatch block,26,1251,0,0,1,0,360,360,0.03333333333333333,0,0.04,0,0,0,wheel,standard,motor_oddball
1253,2,Sensory-motor mismatch block,26,1252,0,0,1,0,360,360,0.03333333333333333,0,0.04,0,0,0,wheel,standard,motor_oddball
1254,2,Sensory-motor mismatch block,26,1253,0,0,1,0,360,360,0.03333333333333333,0,0.04,0,0,0,wheel,standard,motor_oddball
1255,2,Sensory-motor mismatch block,26,1254,0,0,1,0,360,360,0.03333333333333333,0,0.04,0,0,0,wheel,standard,motor_oddball
1256,2,Sensory-motor mismatch block,26,1255,0,0,1,0,360,360,0.03333333333333333,0,0.04,0,0,0,wheel,standard,motor_oddball
1257,2,Sensory-motor mismatch block,26,1256,0,0,1,0,360,360,0.03333333333333333,0,0.04,0,0,0,wheel,standard,motor_oddball
1258,2,Sensory-motor mismatch block,26,1257,0,0,1,0,360,360,0.03333333333333333,0,0.04,0,0,0,wheel,standard,motor_oddball
1259,2,Sensory-motor mismatch block,26,1258,0,0,1,0,360,360,0.03333333333333333,0,0.04,0,0,0,wheel,standard,motor_oddball
1260,2,Sensory-motor mismatch block,26,1259,0,0,1,0,360,360,0.03333333333333333,0,0.04,0,0,0,wheel,standard,motor_oddball
1261,2,Sensory-motor mismatch block,26,1260,0,0,1,0,360,360,0.03333333333333333,0,0.04,0,0,0,wheel,standard,motor_oddball
1262,2,Sensory-motor mismatch block,26,1261,0,0,1,0,360,360,0.03333333333333333,0,0.04,0,0,0,wheel,standard,motor_oddball
1263,2,Sensory-motor mismatch block,26,1262,0,0,1,0,360,360,0.03333333333333333,0,0.04,0,0,0,wheel,standard,motor_oddball
1264,2,Sensory-motor mismatch block,26,1263,0,0,1,0,360,360,0.03333333333333333,0,0.04,0,0,0,wheel,standard,motor_oddball
1265,2,Sensory-motor mismatch block,26,1264,0,0,1,0,360,360,0.03333333333333333,0,0.04,0,0,0,wheel,standard,motor_oddball
1266,2,Sensory-motor mismatch block,26,1265,0,0,1,0,360,360,0.03333333333333333,0,0.04,0,0,0,wheel,standard,motor_oddball
1267,2,Sensory-motor mismatch block,26,1266,0,0,1,0,360,360,0.03333333333333333,0,0.04,0,0,0,wheel,standard,motor_oddball
1268,2,Sensory-motor mismatch block,26,1267,0,0,1,0,360,360,0.03333333333333333,0,0.04,0,0,0,wheel,standard,motor_oddball
1269,2,Sensory-motor mismatch block,26,1268,0,0,1,0,360,360,0.03333333333333333,0,0.04,0,0,0,wheel,standard,motor_oddball
1270,2,Sensory-motor mismatch block,26,1269,0,0,1,0,360,360,0.03333333333333333,0,0.04,0,0,0,wheel,standard,motor_oddball
1271,2,Sensory-motor mismatch block,26,1270,0,0,1,0,360,360,0.03333333333333333,0,0.04,0,0,0,wheel,standard,motor_oddball
1272,2,Sensory-motor mismatch block,26,1271,0,0,1,0,360,360,0.03333333333333333,0,0.04,0,0,0,wheel,standard,motor_oddball
1273,2,Sensory-motor mismatch block,26,1272,0,0,1,0,360,360,0.03333333333333333,0,0.04,0,0,0,wheel,standard,motor_oddball
1274,2,Sensory-motor mismatch block,26,1273,0,0,1,0,360,360,0.03333333333333333,0,0.04,0,0,0,wheel,standard,motor_oddball
1275,2,Sensory-motor mismatch block,26,1274,0,0,1,0,360,360,0.03333333333333333,0,0.04,0,0,0,wheel,standard,motor_oddball
1276,2,Sensory-motor mismatch block,26,1275,0,0,1,0,360,360,0.03333333333333333,0,0.04,0,0,0,wheel,standard,motor_oddball
1277,2,Sensory-motor mismatch block,26,1276,0,0,1,0,360,360,0.03333333333333333,0,0.04,0,0,0,wheel,standard,motor_oddball
1278,2,Sensory-motor mismatch block,26,1277,0,0,1,0,360,360,0.03333333333333333,0,0.04,0,0,0,wheel,standard,motor_oddball
1279,2,Sensory-motor mismatch block,26,1278,0,0,1,0,360,360,0.03333333333333333,0,0.04,0,0,0,wheel,standard,motor_oddball
1280,2,Sensory-motor mismatch block,26,1279,0,0,1,0,360,360,0.03333333333333333,0,0.04,0,0,0,wheel,standard,motor_oddball
1281,2,Sensory-motor mismatch block,26,1280,0,0,1,0,360,360,0.03333333333333333,0,0.04,0,0,0,wheel,standard,motor_oddball
1282,2,Sensory-motor mismatch block,26,1281,0,0,1,0,360,360,0.03333333333333333,0,0.04,0,0,0,wheel,standard,motor_oddball
1283,2,Sensory-motor mismatch block,26,1282,0,0,1,0,360,360,0.03333333333333333,0,0.04,0,0,0,wheel,standard,motor_oddball
1284,2,Sensory-motor mismatch block,26,1283,0,0,1,0,360,360,0.03333333333333333,0,0.04,0,0,0,wheel,standard,motor_oddball
1285,2,Sensory-motor mismatch block,26,1284,0,0,1,0,360,360,0.03333333333333333,0,0.04,0,0,0,wheel,standard,motor_oddball
1286,2,Sensory-motor mismatch block,26,1285,0,0,1,0,360,360,0.03333333333333333,0,0.04,0,0,0,wheel,standard,motor_oddball
1287,2,Sensory-motor mismatch block,26,1286,0,0,1,0,360,360,0.03333333333333333,0,0.04,0,0,0,wheel,standard,motor_oddball
1288,2,Sensory-motor mismatch block,26,1287,0,0,1,0,360,360,0.03333333333333333,0,0.04,0,0,0,wheel,standard,motor_oddball
1289,2,Sensory-motor mismatch block,26,1288,0,0,1,0,360,360,0.03333333333333333,0,0.04,0,0,0,wheel,standard,motor_oddball
1290,2,Sensory-motor mismatch block,26,1289,0,0,1,0,360,360,0.03333333333333333,0,0.04,0,0,0,wheel,standard,motor_oddball
1291,2,Sensory-motor mismatch block,26,1290,0,0,1,0,360,360,0.03333333333333333,0,0.04,0,0,0,wheel,standard,motor_oddball
1292,2,Sensory-motor mismatch block,26,1291,0,0,1,0,360,360,0.03333333333333333,0,0.04,0,0,0,wheel,standard,motor_oddball
1293,2,Sensory-motor mismatch block,26,1292,0,0,1,0,360,360,0.03333333333333333,0,0.04,0,0,0,wheel,standard,motor_oddball
1294,2,Sensory-motor mismatch block,26,1293,0,0,1,0,360,360,0.03333333333333333,0,0.04,0,0,0,wheel,standard,motor_oddball
1295,2,Sensory-motor mismatch block,26,1294,0,0,1,0,360,360,0.03333333333333333,0,0.04,0,0,0,wheel,standard,motor_oddball
1296,2,Sensory-motor mismatch block,26,1295,0,0,1,0,360,360,0.03333333333333333,0,0.04,0,0,0,wheel,standard,motor_oddball
1297,2,Sensory-motor mismatch block,26,1296,0,0,1,0,360,360,0.03333333333333333,0,0.04,0,0,0,wheel,standard,motor_oddball
1298,2,Sensory-motor mismatch block,26,1297,0,0,1,0,360,360,0.03333333333333333,0,0.04,0,0,0,wheel,standard,motor_oddball
1299,2,Sensory-motor mismatch block,26,1298,0,0,1,0,360,360,0.03333333333333333,0,0.04,0,0,0,wheel,standard,motor_oddball
1300,2,Sensory-motor mismatch block,26,1299,0,0,1,0,360,360,0.03333333333333333,0,0.04,0,0,0,wheel,standard,motor_oddball
1301,2,Sensory-motor mismatch block,26,1300,0,0,1,0,360,360,0.03333333333333333,0,0.04,0,0,0,wheel,standard,motor_oddball
1302,2,Sensory-motor mismatch block,26,1301,0,0,1,0,360,360,0.03333333333333333,0,0.04,0,0,0,wheel,standard,motor_oddball
1303,2,Sensory-motor mismatch block,26,1302,0,0,1,0,360,360,0.03333333333333333,0,0.04,0,0,0,wheel,standard,motor_oddball
1304,2,Sensory-motor mismatch block,26,1303,0,0,1,0,360,360,0.03333333333333333,0,0.04,0,0,0,wheel,standard,motor_oddball
1305,2,Sensory-motor mismatch block,26,1304,0,0,1,0,360,360,0.03333333333333333,0,0.04,0,0,0,wheel,standard,motor_oddball
1306,2,Sensory-motor mismatch block,26,1305,0,0,1,0,360,360,0.03333333333333333,0,0.04,0,0,0,wheel,standard,motor_oddball
1307,2,Sensory-motor mismatch block,26,1306,0,0,1,0,360,360,0.03333333333333333,0,0.04,0,0,0,wheel,standard,motor_oddball
1308,2,Sensory-motor mismatch block,26,1307,0,0,1,0,360,360,0.03333333333333333,0,0.04,0,0,0,wheel,standard,motor_oddball
1309,2,Sensory-motor mismatch block,26,1308,0,0,1,0,360,360,0.03333333333333333,0,0.04,0,0,0,wheel,standard,motor_oddball
1310,2,Sensory-motor mismatch block,26,1309,0,0,1,0,360,360,0.03333333333333333,0,0.04,0,0,0,wheel,standard,motor_oddball
1311,2,Sensory-motor mismatch block,26,1310,0,0,1,0,360,360,0.03333333333333333,0,0.04,0,0,0,wheel,standard,motor_oddball
1312,2,Sensory-motor mismatch block,26,1311,0,0,1,0,360,360,0.03333333333333333,0,0.04,0,0,0,wheel,standard,motor_oddball
1313,2,Sensory-motor mismatch block,26,1312,0,0,1,0,360,360,0.03333333333333333,0,0.04,0,0,0,wheel,standard,motor_oddball
1314,2,Sensory-motor mismatch block,26,1313,0,0,1,0,360,360,0.03333333333333333,0,0.04,0,0,0,wheel,standard,motor_oddball
1315,2,Sensory-motor mismatch block,26,1314,0,0,1,0,360,360,0.03333333333333333,0,0.04,0,0,0,wheel,standard,motor_oddball
1316,2,Sensory-motor mismatch block,26,1315,0,0,1,0,360,360,0.03333333333333333,0,0.04,0,0,0,wheel,standard,motor_oddball
1317,2,Sensory-motor mismatch block,26,1316,0,0,1,0,360,360,0.03333333333333333,0,0.04,0,0,0,wheel,standard,motor_oddball
1318,2,Sensory-motor mismatch block,26,1317,0,0,1,0,360,360,0.03333333333333333,0,0.04,0,0,0,wheel,standard,motor_oddball
1319,2,Sensory-motor mismatch block,26,1318,0,0,1,0,360,360,0.03333333333333333,0,0.04,0,0,0,wheel,standard,motor_oddball
1320,2,Sensory-motor mismatch block,26,1319,0,0,1,0,360,360,0.03333333333333333,0,0.04,0,0,0,wheel,standard,motor_oddball
1321,2,Sensory-motor mismatch block,26,1320,0,0,1,0,360,360,0.03333333333333333,0,0.04,0,0,0,wheel,standard,motor_oddball
1322,2,Sensory-motor mismatch block,26,1321,0,0,1,0,360,360,0.03333333333333333,0,0.04,0,0,0,wheel,standard,motor_oddball
1323,2,Sensory-motor mismatch block,26,1322,0,0,1,0,360,360,0.03333333333333333,0,0.04,0,0,0,wheel,standard,motor_oddball
1324,2,Sensory-motor mismatch block,26,1323,0,0,1,0,360,360,0.03333333333333333,0,0.04,0,0,0,wheel,standard,motor_oddball
1325,2,Sensory-motor mismatch block,26,1324,0,0,1,0,360,360,0.03333333333333333,0,0.04,0,0,0,wheel,standard,motor_oddball
1326,2,Sensory-motor mismatch block,26,1325,0,0,1,0,360,360,0.03333333333333333,0,0.04,0,0,0,wheel,standard,motor_oddball
1327,2,Sensory-motor mismatch block,26,1326,0,0,1,0,360,360,0.03333333333333333,0,0.04,0,0,0,wheel,standard,motor_oddball
1328,2,Sensory-motor mismatch block,26,1327,0,0,1,0,360,360,0.03333333333333333,0,0.04,0,0,0,wheel,standard,motor_oddball
1329,2,Sensory-motor mismatch block,26,1328,0,0,1,0,360,360,0.03333333333333333,0,0.04,0,0,0,wheel,standard,motor_oddball
1330,2,Sensory-motor mismatch block,26,1329,0,0,1,0,360,360,0.03333333333333333,0,0.04,0,0,0,wheel,standard,motor_oddball
1331,2,Sensory-motor mismatch block,26,1330,0,0,1,0,360,360,0.03333333333333333,0,0.04,0,0,0,wheel,standard,motor_oddball
1332,2,Sensory-motor mismatch block,26,1331,0,0,1,0,360,360,0.03333333333333333,0,0.04,0,0,0,wheel,standard,motor_oddball
1333,2,Sensory-motor mismatch block,26,1332,0,0,1,0,360,360,0.03333333333333333,0,0.04,0,0,0,wheel,standard,motor_oddball
1334,2,Sensory-motor mismatch block,26,1333,0,0,1,0,360,360,0.03333333333333333,0,0.04,0,0,0,wheel,standard,motor_oddball
1335,2,Sensory-motor mismatch block,26,1334,0,0,1,0,360,360,0.03333333333333333,0,0.04,0,0,0,wheel,standard,motor_oddball
1336,2,Sensory-motor mismatch block,26,1335,0,0,1,0,360,360,0.03333333333333333,0,0.04,0,0,0,wheel,standard,motor_oddball
1337,2,Sensory-motor mismatch block,26,1336,0,0,1,0,360,360,0.03333333333333333,0,0.04,0,0,0,wheel,standard,motor_oddball
1338,2,Sensory-motor mismatch block,26,1337,0,0,1,0,360,360,0.03333333333333333,0,0.04,0,0,0,wheel,standard,motor_oddball
1339,2,Sensory-motor mismatch block,26,1338,0,0,1,0,360,360,0.03333333333333333,0,0.04,0,0,0,wheel,standard,motor_oddball
1340,2,Sensory-motor mismatch block,26,1339,0,0,1,0,360,360,0.03333333333333333,0,0.04,0,0,0,wheel,standard,motor_oddball
1341,2,Sensory-motor mismatch block,26,1340,0,0,1,0,360,360,0.03333333333333333,0,0.04,0,0,0,wheel,standard,motor_oddball
1342,2,Sensory-motor mismatch block,26,1341,0,0,1,0,360,360,0.03333333333333333,0,0.04,0,0,0,wheel,standard,motor_oddball
1343,2,Sensory-motor mismatch block,26,1342,0,0,1,0,360,360,0.03333333333333333,0,0.04,0,0,0,wheel,standard,motor_oddball
1344,2,Sensory-motor mismatch block,26,1343,0,0,1,0,360,360,0.03333333333333333,0,0.04,0,0,0,wheel,standard,motor_oddball
1345,2,Sensory-motor mismatch block,26,1344,0,0,1,0,360,360,0.03333333333333333,0,0.04,0,0,0,wheel,standard,motor_oddball
1346,2,Sensory-motor mismatch block,26,1345,0,0,1,0,360,360,0.03333333333333333,0,0.04,0,0,0,wheel,standard,motor_oddball
1347,2,Sensory-motor mismatch block,26,1346,0,0,1,0,360,360,0.03333333333333333,0,0.04,0,0,0,wheel,standard,motor_oddball
1348,2,Sensory-motor mismatch block,26,1347,0,0,1,0,360,360,0.03333333333333333,0,0.04,0,0,0,wheel,standard,motor_oddball
1349,2,Sensory-motor mismatch block,26,1348,0,0,1,0,360,360,0.03333333333333333,0,0.04,0,0,0,wheel,standard,motor_oddball
1350,2,Sensory-motor mismatch block,26,1349,0,0,1,0,360,360,0.03333333333333333,0,0.04,0,0,0,wheel,standard,motor_oddball
1351,2,Sensory-motor mismatch block,26,1350,0,0,1,0,360,360,0.03333333333333333,0,0.04,0,0,0,wheel,standard,motor_oddball
1352,2,Sensory-motor mismatch block,26,1351,0,0,1,0,360,360,0.03333333333333333,0,0.04,0,0,0,wheel,standard,motor_oddball
1353,2,Sensory-motor mismatch block,26,1352,0,0,1,0,360,360,0.03333333333333333,0,0.04,0,0,0,wheel,standard,motor_oddball
1354,2,Sensory-motor mismatch block,26,1353,0,0,1,0,360,360,0.03333333333333333,0,0.04,0,0,0,wheel,standard,motor_oddball
1355,2,Sensory-motor mismatch block,26,1354,0,0,1,0,360,360,0.03333333333333333,0,0.04,0,0,0,wheel,standard,motor_oddball
1356,2,Sensory-motor mismatch block,26,1355,0,0,1,0,360,360,0.03333333333333333,0,0.04,0,0,0,wheel,standard,motor_oddball
1357,2,Sensory-motor mismatch block,26,1356,0,0,1,0,360,360,0.03333333333333333,0,0.04,0,0,0,wheel,standard,motor_oddball
1358,2,Sensory-motor mismatch block,26,1357,0,0,1,0,360,360,0.03333333333333333,0,0.04,0,0,0,wheel,standard,motor_oddball
1359,2,Sensory-motor mismatch block,26,1358,0,0,1,0,360,360,0.03333333333333333,0,0.04,0,0,0,wheel,standard,motor_oddball
1360,2,Sensory-motor mismatch block,26,1359,0,0,1,0,360,360,0.03333333333333333,0,0.04,0,0,0,wheel,standard,motor_oddball
1361,2,Sensory-motor mismatch block,26,1360,0,0,1,0,360,360,0.03333333333333333,0,0.04,0,0,0,wheel,standard,motor_oddball
1362,2,Sensory-motor mismatch block,26,1361,0,0,1,0,360,360,0.03333333333333333,0,0.04,0,0,0,wheel,standard,motor_oddball
1363,2,Sensory-motor mismatch block,26,1362,0,0,1,0,360,360,0.03333333333333333,0,0.04,0,0,0,wheel,standard,motor_oddball
1364,2,Sensory-motor mismatch block,26,1363,0,0,1,0,360,360,0.03333333333333333,0,0.04,0,0,0,wheel,standard,motor_oddball
1365,2,Sensory-motor mismatch block,26,1364,0,0,1,0,360,360,0.03333333333333333,0,0.04,0,0,0,wheel,standard,motor_oddball
1366,2,Sensory-motor mismatch block,26,1365,0,0,1,0,360,360,0.03333333333333333,0,0.04,0,0,0,wheel,standard,motor_oddball
1367,2,Sensory-motor mismatch block,26,1366,0,0,1,0,360,360,0.03333333333333333,0,0.04,0,0,0,wheel,standard,motor_oddball
1368,2,Sensory-motor mismatch block,26,1367,0,0,1,0,360,360,0.03333333333333333,0,0.04,0,0,0,wheel,standard,motor_oddball
1369,2,Sensory-motor mismatch block,26,1368,0,0,1,0,360,360,0.03333333333333333,0,0.04,0,0,0,wheel,standard,motor_oddball
1370,2,Sensory-motor mismatch block,26,1369,0,0,1,0,360,360,0.03333333333333333,0,0.04,0,0,0,wheel,standard,motor_oddball
1371,2,Sensory-motor mismatch block,26,1370,0,0,1,0,360,360,0.03333333333333333,0,0.04,0,0,0,wheel,standard,motor_oddball
1372,2,Sensory-motor mismatch block,26,1371,0,0,1,0,360,360,0.03333333333333333,0,0.04,0,0,0,wheel,standard,motor_oddball
1373,2,Sensory-motor mismatch block,26,1372,0,0,1,0,360,360,0.03333333333333333,0,0.04,0,0,0,wheel,standard,motor_oddball
1374,2,Sensory-motor mismatch block,26,1373,0,0,1,0,360,360,0.03333333333333333,0,0.04,0,0,0,wheel,standard,motor_oddball
1375,2,Sensory-motor mismatch block,26,1374,0,0,1,0,360,360,0.03333333333333333,0,0.04,0,0,0,wheel,standard,motor_oddball
1376,2,Sensory-motor mismatch block,26,1375,0,0,1,0,360,360,0.03333333333333333,0,0.04,0,0,0,wheel,standard,motor_oddball
1377,2,Sensory-motor mismatch block,26,1376,0,0,1,0,360,360,0.03333333333333333,0,0.04,0,0,0,wheel,standard,motor_oddball
1378,2,Sensory-motor mismatch block,26,1377,0,0,1,0,360,360,0.03333333333333333,0,0.04,0,0,0,wheel,standard,motor_oddball
1379,2,Sensory-motor mismatch block,26,1378,0,0,1,0,360,360,0.03333333333333333,0,0.04,0,0,0,wheel,standard,motor_oddball
1380,2,Sensory-motor mismatch block,26,1379,0,0,1,0,360,360,0.03333333333333333,0,0.04,0,0,0,wheel,standard,motor_oddball
1381,2,Sensory-motor mismatch block,26,1380,0,0,1,0,360,360,0.03333333333333333,0,0.04,0,0,0,wheel,standard,motor_oddball
1382,2,Sensory-motor mismatch block,26,1381,0,0,1,0,360,360,0.03333333333333333,0,0.04,0,0,0,wheel,standard,motor_oddball
1383,2,Sensory-motor mismatch block,26,1382,0,0,1,0,360,360,0.03333333333333333,0,0.04,0,0,0,wheel,standard,motor_oddball
1384,2,Sensory-motor mismatch block,26,1383,0,0,1,0,360,360,0.03333333333333333,0,0.04,0,0,0,wheel,standard,motor_oddball
1385,2,Sensory-motor mismatch block,26,1384,0,0,1,0,360,360,0.03333333333333333,0,0.04,0,0,0,wheel,standard,motor_oddball
1386,2,Sensory-motor mismatch block,26,1385,0,0,1,0,360,360,0.03333333333333333,0,0.04,0,0,0,wheel,standard,motor_oddball
1387,2,Sensory-motor mismatch block,26,1386,0,0,1,0,360,360,0.03333333333333333,0,0.04,0,0,0,wheel,standard,motor_oddball
1388,2,Sensory-motor mismatch block,26,1387,0,0,1,0,360,360,0.03333333333333333,0,0.04,0,0,0,wheel,standard,motor_oddball
1389,2,Sensory-motor mismatch block,26,1388,0,0,1,0,360,360,0.03333333333333333,0,0.04,0,0,0,wheel,standard,motor_oddball
1390,2,Sensory-motor mismatch block,26,1389,0,0,1,0,360,360,0.03333333333333333,0,0.04,0,0,0,wheel,standard,motor_oddball
1391,2,Sensory-motor mismatch block,26,1390,0,0,1,0,360,360,0.03333333333333333,0,0.04,0,0,0,wheel,standard,motor_oddball
1392,2,Sensory-motor mismatch block,26,1391,0,0,1,0,360,360,0.03333333333333333,0,0.04,0,0,0,wheel,standard,motor_oddball
1393,2,Sensory-motor mismatch block,26,1392,0,0,1,0,360,360,0.03333333333333333,0,0.04,0,0,0,wheel,standard,motor_oddball
1394,2,Sensory-motor mismatch block,26,1393,0,0,1,0,360,360,0.03333333333333333,0,0.04,0,0,0,wheel,standard,motor_oddball
1395,2,Sensory-motor mismatch block,26,1394,0,0,1,0,360,360,0.03333333333333333,0,0.04,0,0,0,wheel,standard,motor_oddball
1396,2,Sensory-motor mismatch block,26,1395,0,0,1,0,360,360,0.03333333333333333,0,0.04,0,0,0,wheel,standard,motor_oddball
1397,2,Sensory-motor mismatch block,26,1396,0,0,1,0,360,360,0.03333333333333333,0,0.04,0,0,0,wheel,standard,motor_oddball
1398,2,Sensory-motor mismatch block,26,1397,0,0,1,0,360,360,0.03333333333333333,0,0.04,0,0,0,wheel,standard,motor_oddball
1399,2,Sensory-motor mismatch block,26,1398,0,0,1,0,360,360,0.03333333333333333,0,0.04,0,0,0,wheel,standard,motor_oddball
1400,2,Sensory-motor mismatch block,26,1399,0,0,1,0,360,360,0.03333333333333333,0,0.04,0,0,0,wheel,standard,motor_oddball
1401,2,Sensory-motor mismatch block,26,1400,0,0,1,0,360,360,0.03333333333333333,0,0.04,0,0,0,wheel,standard,motor_oddball
1402,2,Sensory-motor mismatch block,26,1401,0,0,1,0,360,360,0.03333333333333333,0,0.04,0,0,0,wheel,standard,motor_oddball
1403,2,Sensory-motor mismatch block,26,1402,0,0,1,0,360,360,0.03333333333333333,0,0.04,0,0,0,wheel,standard,motor_oddball
1404,2,Sensory-motor mismatch block,26,1403,0,0,1,0,360,360,0.03333333333333333,0,0.04,0,0,0,wheel,standard,motor_oddball
1405,2,Sensory-motor mismatch block,26,1404,0,0,1,0,360,360,0.03333333333333333,0,0.04,0,0,0,wheel,standard,motor_oddball
1406,2,Sensory-motor mismatch block,26,1405,0,0,1,0,360,360,0.03333333333333333,0,0.04,0,0,0,wheel,standard,motor_oddball
1407,2,Sensory-motor mismatch block,26,1406,0,0,1,0,360,360,0.03333333333333333,0,0.04,0,0,0,wheel,standard,motor_oddball
1408,2,Sensory-motor mismatch block,26,1407,0,0,1,0,360,360,0.03333333333333333,0,0.04,0,0,0,wheel,standard,motor_oddball
1409,2,Sensory-motor mismatch block,26,1408,0,0,1,0,360,360,0.03333333333333333,0,0.04,0,0,0,wheel,standard,motor_oddball
1410,2,Sensory-motor mismatch block,26,1409,0,0,1,0,360,360,0.03333333333333333,0,0.04,0,0,0,wheel,standard,motor_oddball
1411,2,Sensory-motor mismatch block,26,1410,0,0,1,0,360,360,0.03333333333333333,0,0.04,0,0,0,wheel,standard,motor_oddball
1412,2,Sensory-motor mismatch block,26,1411,0,0,1,0,360,360,0.03333333333333333,0,0.04,0,0,0,wheel,standard,motor_oddball
1413,2,Sensory-motor mismatch block,26,1412,0,0,1,0,360,360,0.03333333333333333,0,0.04,0,0,0,wheel,standard,motor_oddball
1414,2,Sensory-motor mismatch block,26,1413,0,0,1,0,360,360,0.03333333333333333,0,0.04,0,0,0,wheel,standard,motor_oddball
1415,2,Sensory-motor mismatch block,26,1414,0,0,1,0,360,360,0.03333333333333333,0,0.04,0,0,0,wheel,standard,motor_oddball
1416,2,Sensory-motor mismatch block,26,1415,0,0,1,0,360,360,0.03333333333333333,0,0.04,0,0,0,wheel,standard,motor_oddball
1417,2,Sensory-motor mismatch block,26,1416,0,0,1,0,360,360,0.03333333333333333,0,0.04,0,0,0,wheel,standard,motor_oddball
1418,2,Sensory-motor mismatch block,26,1417,0,0,1,0,360,360,0.03333333333333333,0,0.04,0,0,0,wheel,standard,motor_oddball
1419,2,Sensory-motor mismatch block,26,1418,0,0,1,0,360,360,0.03333333333333333,0,0.04,0,0,0,wheel,standard,motor_oddball
1420,2,Sensory-motor mismatch block,26,1419,0,0,1,0,360,360,0.03333333333333333,0,0.04,0,0,0,wheel,standard,motor_oddball
1421,2,Sensory-motor mismatch block,26,1420,0,0,1,0,360,360,0.03333333333333333,0,0.04,0,0,0,wheel,standard,motor_oddball
1422,2,Sensory-motor mismatch block,26,1421,0,0,1,0,360,360,0.03333333333333333,0,0.04,0,0,0,wheel,standard,motor_oddball
1423,2,Sensory-motor mismatch block,26,1422,0,0,1,0,360,360,0.03333333333333333,0,0.04,0,0,0,wheel,standard,motor_oddball
1424,2,Sensory-motor mismatch block,26,1423,0,0,1,0,360,360,0.03333333333333333,0,0.04,0,0,0,wheel,standard,motor_oddball
1425,2,Sensory-motor mismatch block,26,1424,0,0,1,0,360,360,0.03333333333333333,0,0.04,0,0,0,wheel,standard,motor_oddball
1426,2,Sensory-motor mismatch block,26,1425,0,0,1,0,360,360,0.03333333333333333,0,0.04,0,0,0,wheel,standard,motor_oddball
1427,2,Sensory-motor mismatch block,26,1426,0,0,1,0,360,360,0.03333333333333333,0,0.04,0,0,0,wheel,standard,motor_oddball
1428,2,Sensory-motor mismatch block,26,1427,0,0,1,0,360,360,0.03333333333333333,0,0.04,0,0,0,wheel,standard,motor_oddball
1429,2,Sensory-motor mismatch block,26,1428,0,0,1,0,360,360,0.03333333333333333,0,0.04,0,0,0,wheel,standard,motor_oddball
1430,2,Sensory-motor mismatch block,26,1429,0,0,1,0,360,360,0.03333333333333333,0,0.04,0,0,0,wheel,standard,motor_oddball
1431,2,Sensory-motor mismatch block,26,1430,0,0,1,0,360,360,0.03333333333333333,0,0.04,0,0,0,wheel,standard,motor_oddball
1432,2,Sensory-motor mismatch block,26,1431,0,0,1,0,360,360,0.03333333333333333,0,0.04,0,0,0,wheel,standard,motor_oddball
1433,2,Sensory-motor mismatch block,26,1432,0,0,1,0,360,360,0.03333333333333333,0,0.04,0,0,0,wheel,standard,motor_oddball
1434,2,Sensory-motor mismatch block,26,1433,0,0,1,0,360,360,0.03333333333333333,0,0.04,0,0,0,wheel,standard,motor_oddball
1435,2,Sensory-motor mismatch block,26,1434,0,0,1,0,360,360,0.03333333333333333,0,0.04,0,0,0,wheel,standard,motor_oddball
1436,2,Sensory-motor mismatch block,26,1435,0,0,1,0,360,360,0.03333333333333333,0,0.04,0,0,0,wheel,standard,motor_oddball
1437,2,Sensory-motor mismatch block,26,1436,0,0,1,0,360,360,0.03333333333333333,0,0.04,0,0,0,wheel,standard,motor_oddball
1438,2,Sensory-motor mismatch block,26,1437,0,0,1,0,360,360,0.03333333333333333,0,0.04,0,0,0,wheel,standard,motor_oddball
1439,2,Sensory-motor mismatch block,26,1438,0,0,1,0,360,360,0.03333333333333333,0,0.04,0,0,0,wheel,standard,motor_oddball
1440,2,Sensory-motor mismatch block,26,1439,0,0,1,0,360,360,0.03333333333333333,0,0.04,0,0,0,wheel,standard,motor_oddball
1441,2,Sensory-motor mismatch block,26,1440,0,0,1,0,360,360,0.03333333333333333,0,0.04,0,0,0,wheel,standard,motor_oddball
1442,2,Sensory-motor mismatch block,26,1441,0,0,1,0,360,360,0.03333333333333333,0,0.04,0,0,0,wheel,standard,motor_oddball
1443,2,Sensory-motor mismatch block,26,1442,0,0,1,0,360,360,0.03333333333333333,0,0.04,0,0,0,wheel,standard,motor_oddball
1444,2,Sensory-motor mismatch block,26,1443,0,0,1,0,360,360,0.03333333333333333,0,0.04,0,0,0,wheel,standard,motor_oddball
1445,2,Sensory-motor mismatch block,26,1444,0,0,1,0,360,360,0.03333333333333333,0,0.04,0,0,0,wheel,standard,motor_oddball
1446,2,Sensory-motor mismatch block,26,1445,0,0,1,0,360,360,0.03333333333333333,0,0.04,0,0,0,wheel,standard,motor_oddball
1447,2,Sensory-motor mismatch block,26,1446,0,0,1,0,360,360,0.03333333333333333,0,0.04,0,0,0,wheel,standard,motor_oddball
1448,2,Sensory-motor mismatch block,26,1447,0,0,1,0,360,360,0.03333333333333333,0,0.04,0,0,0,wheel,standard,motor_oddball
1449,2,Sensory-motor mismatch block,26,1448,0,0,1,0,360,360,0.03333333333333333,0,0.04,0,0,0,wheel,standard,motor_oddball
1450,2,Sensory-motor mismatch block,26,1449,0,0,1,0,360,360,0.03333333333333333,0,0.04,0,0,0,wheel,standard,motor_oddball
1451,2,Sensory-motor mismatch block,26,1450,0,0,1,0,360,360,0.03333333333333333,0,0.04,0,0,0,wheel,standard,motor_oddball
1452,2,Sensory-motor mismatch block,26,1451,0,0,1,0,360,360,0.03333333333333333,0,0.04,0,0,0,wheel,standard,motor_oddball
1453,2,Sensory-motor mismatch block,26,1452,0,0,1,0,360,360,0.03333333333333333,0,0.04,0,0,0,wheel,standard,motor_oddball
1454,2,Sensory-motor mismatch block,26,1453,0,0,1,0,360,360,0.03333333333333333,0,0.04,0,0,0,wheel,standard,motor_oddball
1455,2,Sensory-motor mismatch block,26,1454,0,0,1,0,360,360,0.03333333333333333,0,0.04,0,0,0,wheel,standard,motor_oddball
1456,2,Sensory-motor mismatch block,26,1455,0,0,1,0,360,360,0.03333333333333333,0,0.04,0,0,0,wheel,standard,motor_oddball
1457,2,Sensory-motor mismatch block,26,1456,0,0,1,0,360,360,0.03333333333333333,0,0.04,0,0,0,wheel,standard,motor_oddball
1458,2,Sensory-motor mismatch block,26,1457,0,0,1,0,360,360,0.03333333333333333,0,0.04,0,0,0,wheel,standard,motor_oddball
1459,2,Sensory-motor mismatch block,26,1458,0,0,1,0,360,360,0.03333333333333333,0,0.04,0,0,0,wheel,standard,motor_oddball
1460,2,Sensory-motor mismatch block,26,1459,0,0,1,0,360,360,0.03333333333333333,0,0.04,0,0,0,wheel,standard,motor_oddball
1461,2,Sensory-motor mismatch block,26,1460,0,0,1,0,360,360,0.03333333333333333,0,0.04,0,0,0,wheel,standard,motor_oddball
1462,2,Sensory-motor mismatch block,26,1461,0,0,1,0,360,360,0.03333333333333333,0,0.04,0,0,0,wheel,standard,motor_oddball
1463,2,Sensory-motor mismatch block,26,1462,0,0,1,0,360,360,0.03333333333333333,0,0.04,0,0,0,wheel,standard,motor_oddball
1464,2,Sensory-motor mismatch block,26,1463,0,0,1,0,360,360,0.03333333333333333,0,0.04,0,0,0,wheel,standard,motor_oddball
1465,2,Sensory-motor mismatch block,26,1464,0,0,1,0,360,360,0.03333333333333333,0,0.04,0,0,0,wheel,standard,motor_oddball
1466,2,Sensory-motor mismatch block,26,1465,0,0,1,0,360,360,0.03333333333333333,0,0.04,0,0,0,wheel,standard,motor_oddball
1467,2,Sensory-motor mismatch block,26,1466,0,0,1,0,360,360,0.03333333333333333,0,0.04,0,0,0,wheel,standard,motor_oddball
1468,2,Sensory-motor mismatch block,26,1467,0,0,1,0,360,360,0.03333333333333333,0,0.04,0,0,0,wheel,standard,motor_oddball
1469,2,Sensory-motor mismatch block,26,1468,0,0,1,0,360,360,0.03333333333333333,0,0.04,0,0,0,wheel,standard,motor_oddball
1470,2,Sensory-motor mismatch block,26,1469,0,0,1,0,360,360,0.03333333333333333,0,0.04,0,0,0,wheel,standard,motor_oddball
1471,2,Sensory-motor mismatch block,26,1470,0,0,1,0,360,360,0.03333333333333333,0,0.04,0,0,0,wheel,standard,motor_oddball
1472,2,Sensory-motor mismatch block,26,1471,0,0,1,0,360,360,0.03333333333333333,0,0.04,0,0,0,wheel,standard,motor_oddball
1473,2,Sensory-motor mismatch block,26,1472,0,0,1,0,360,360,0.03333333333333333,0,0.04,0,0,0,wheel,standard,motor_oddball
1474,2,Sensory-motor mismatch block,26,1473,0,0,1,0,360,360,0.03333333333333333,0,0.04,0,0,0,wheel,standard,motor_oddball
1475,2,Sensory-motor mismatch block,26,1474,0,0,1,0,360,360,0.03333333333333333,0,0.04,0,0,0,wheel,standard,motor_oddball
1476,2,Sensory-motor mismatch block,26,1475,0,0,1,0,360,360,0.03333333333333333,0,0.04,0,0,0,wheel,standard,motor_oddball
1477,2,Sensory-motor mismatch block,26,1476,0,0,1,0,360,360,0.03333333333333333,0,0.04,0,0,0,wheel,standard,motor_oddball
1478,2,Sensory-motor mismatch block,26,1477,0,0,1,0,360,360,0.03333333333333333,0,0.04,0,0,0,wheel,standard,motor_oddball
1479,2,Sensory-motor mismatch block,26,1478,0,0,1,0,360,360,0.03333333333333333,0,0.04,0,0,0,wheel,standard,motor_oddball
1480,2,Sensory-motor mismatch block,26,1479,0,0,1,0,360,360,0.03333333333333333,0,0.04,0,0,0,wheel,standard,motor_oddball
1481,2,Sensory-motor mismatch block,26,1480,0,0,1,0,360,360,0.03333333333333333,0,0.04,0,0,0,wheel,standard,motor_oddball
1482,2,Sensory-motor mismatch block,26,1481,0,0,1,0,360,360,0.03333333333333333,0,0.04,0,0,0,wheel,standard,motor_oddball
1483,2,Sensory-motor mismatch block,26,1482,0,0,1,0,360,360,0.03333333333333333,0,0.04,0,0,0,wheel,standard,motor_oddball
1484,2,Sensory-motor mismatch block,26,1483,0,0,1,0,360,360,0.03333333333333333,0,0.04,0,0,0,wheel,standard,motor_oddball
1485,2,Sensory-motor mismatch block,26,1484,0,0,1,0,360,360,0.03333333333333333,0,0.04,0,0,0,wheel,standard,motor_oddball
1486,2,Sensory-motor mismatch block,26,1485,0,0,1,0,360,360,0.03333333333333333,0,0.04,0,0,0,wheel,standard,motor_oddball
1487,2,Sensory-motor mismatch block,26,1486,0,0,1,0,360,360,0.03333333333333333,0,0.04,0,0,0,wheel,standard,motor_oddball
1488,2,Sensory-motor mismatch block,26,1487,0,0,1,0,360,360,0.03333333333333333,0,0.04,0,0,0,wheel,standard,motor_oddball
1489,2,Sensory-motor mismatch block,26,1488,0,0,1,0,360,360,0.03333333333333333,0,0.04,0,0,0,wheel,standard,motor_oddball
1490,2,Sensory-motor mismatch block,26,1489,0,0,1,0,360,360,0.03333333333333333,0,0.04,0,0,0,wheel,standard,motor_oddball
1491,2,Sensory-motor mismatch block,26,1490,0,0,1,0,360,360,0.03333333333333333,0,0.04,0,0,0,wheel,standard,motor_oddball
1492,2,Sensory-motor mismatch block,26,1491,0,0,1,0,360,360,0.03333333333333333,0,0.04,0,0,0,wheel,standard,motor_oddball
1493,2,Sensory-motor mismatch block,26,1492,0,0,1,0,360,360,0.03333333333333333,0,0.04,0,0,0,wheel,standard,motor_oddball
1494,2,Sensory-motor mismatch block,26,1493,0,0,1,0,360,360,0.03333333333333333,0,0.04,0,0,0,wheel,standard,motor_oddball
1495,2,Sensory-motor mismatch block,26,1494,0,0,1,0,360,360,0.03333333333333333,0,0.04,0,0,0,wheel,standard,motor_oddball
1496,2,Sensory-motor mismatch block,26,1495,0,0,1,0,360,360,0.03333333333333333,0,0.04,0,0,0,wheel,standard,motor_oddball
1497,2,Sensory-motor mismatch block,26,1496,0,0,1,0,360,360,0.03333333333333333,0,0.04,0,0,0,wheel,standard,motor_oddball
1498,2,Sensory-motor mismatch block,26,1497,0,0,1,0,360,360,0.03333333333333333,0,0.04,0,0,0,wheel,standard,motor_oddball
1499,2,Sensory-motor mismatch block,26,1498,0,0,1,0,360,360,0.03333333333333333,0,0.04,0,0,0,wheel,standard,motor_oddball
1500,2,Sensory-motor mismatch block,26,1499,0,0,1,0,360,360,0.03333333333333333,0,0.04,0,0,0,wheel,standard,motor_oddball
1501,2,Sensory-motor mismatch block,26,1500,0,0,1,0,360,360,0.03333333333333333,0,0.04,0,0,0,wheel,standard,motor_oddball
1502,2,Sensory-motor mismatch block,26,1501,0,0,1,0,360,360,0.03333333333333333,0,0.04,0,0,0,wheel,standard,motor_oddball
1503,2,Sensory-motor mismatch block,26,1502,0,0,1,0,360,360,0.03333333333333333,0,0.04,0,0,0,wheel,standard,motor_oddball
1504,2,Sensory-motor mismatch block,26,1503,0,0,1,0,360,360,0.03333333333333333,0,0.04,0,0,0,wheel,standard,motor_oddball
1505,2,Sensory-motor mismatch block,26,1504,0,0,1,0,360,360,0.03333333333333333,0,0.04,0,0,0,wheel,standard,motor_oddball
1506,2,Sensory-motor mismatch block,26,1505,0,0,1,0,360,360,0.03333333333333333,0,0.04,0,0,0,wheel,standard,motor_oddball
1507,2,Sensory-motor mismatch block,26,1506,0,0,1,0,360,360,0.03333333333333333,0,0.04,0,0,0,wheel,standard,motor_oddball
1508,2,Sensory-motor mismatch block,26,1507,0,0,1,0,360,360,0.03333333333333333,0,0.04,0,0,0,wheel,standard,motor_oddball
1509,2,Sensory-motor mismatch block,26,1508,0,0,1,0,360,360,0.03333333333333333,0,0.04,0,0,0,wheel,standard,motor_oddball
1510,2,Sensory-motor mismatch block,26,1509,0,0,1,0,360,360,0.03333333333333333,0,0.04,0,0,0,wheel,standard,motor_oddball
1511,2,Sensory-motor mismatch block,26,1510,0,0,1,0,360,360,0.03333333333333333,0,0.04,0,0,0,wheel,standard,motor_oddball
1512,2,Sensory-motor mismatch block,26,1511,0,0,1,0,360,360,0.03333333333333333,0,0.04,0,0,0,wheel,standard,motor_oddball
1513,2,Sensory-motor mismatch block,26,1512,0,0,1,0,360,360,0.03333333333333333,0,0.04,0,0,0,wheel,standard,motor_oddball
1514,2,Sensory-motor mismatch block,26,1513,0,0,1,0,360,360,0.03333333333333333,0,0.04,0,0,0,wheel,standard,motor_oddball
1515,2,Sensory-motor mismatch block,26,1514,0,0,1,0,360,360,0.03333333333333333,0,0.04,0,0,0,wheel,standard,motor_oddball
1516,2,Sensory-motor mismatch block,26,1515,0,0,1,0,360,360,0.03333333333333333,0,0.04,0,0,0,wheel,standard,motor_oddball
1517,2,Sensory-motor mismatch block,26,1516,0,0,1,0,360,360,0.03333333333333333,0,0.04,0,0,0,wheel,standard,motor_oddball
1518,2,Sensory-motor mismatch block,26,1517,0,0,1,0,360,360,0.03333333333333333,0,0.04,0,0,0,wheel,standard,motor_oddball
1519,2,Sensory-motor mismatch block,26,1518,0,0,1,0,360,360,0.03333333333333333,0,0.04,0,0,0,wheel,standard,motor_oddball
1520,2,Sensory-motor mismatch block,26,1519,0,0,1,0,360,360,0.03333333333333333,0,0.04,0,0,0,wheel,standard,motor_oddball
1521,2,Sensory-motor mismatch block,26,1520,0,0,1,0,360,360,0.03333333333333333,0,0.04,0,0,0,wheel,standard,motor_oddball
1522,2,Sensory-motor mismatch block,26,1521,0,0,1,0,360,360,0.03333333333333333,0,0.04,0,0,0,wheel,standard,motor_oddball
1523,2,Sensory-motor mismatch block,26,1522,0,0,1,0,360,360,0.03333333333333333,0,0.04,0,0,0,wheel,standard,motor_oddball
1524,2,Sensory-motor mismatch block,26,1523,0,0,1,0,360,360,0.03333333333333333,0,0.04,0,0,0,wheel,standard,motor_oddball
1525,2,Sensory-motor mismatch block,26,1524,0,0,1,0,360,360,0.03333333333333333,0,0.04,0,0,0,wheel,standard,motor_oddball
1526,2,Sensory-motor mismatch block,26,1525,0,0,1,0,360,360,0.03333333333333333,0,0.04,0,0,0,wheel,standard,motor_oddball
1527,2,Sensory-motor mismatch block,26,1526,0,0,1,0,360,360,0.03333333333333333,0,0.04,0,0,0,wheel,standard,motor_oddball
1528,2,Sensory-motor mismatch block,26,1527,0,0,1,0,360,360,0.03333333333333333,0,0.04,0,0,0,wheel,standard,motor_oddball
1529,2,Sensory-motor mismatch block,26,1528,0,0,1,0,360,360,0.03333333333333333,0,0.04,0,0,0,wheel,standard,motor_oddball
1530,2,Sensory-motor mismatch block,26,1529,0,0,1,0,360,360,0.03333333333333333,0,0.04,0,0,0,wheel,standard,motor_oddball
1531,2,Sensory-motor mismatch block,26,1530,0,0,1,0,360,360,0.03333333333333333,0,0.04,0,0,0,wheel,standard,motor_oddball
1532,2,Sensory-motor mismatch block,26,1531,0,0,1,0,360,360,0.03333333333333333,0,0.04,0,0,0,wheel,standard,motor_oddball
1533,2,Sensory-motor mismatch block,26,1532,0,0,1,0,360,360,0.03333333333333333,0,0.04,0,0,0,wheel,standard,motor_oddball
1534,2,Sensory-motor mismatch block,26,1533,0,0,1,0,360,360,0.03333333333333333,0,0.04,0,0,0,wheel,standard,motor_oddball
1535,2,Sensory-motor mismatch block,26,1534,0,0,1,0,360,360,0.03333333333333333,0,0.04,0,0,0,wheel,standard,motor_oddball
1536,2,Sensory-motor mismatch block,26,1535,0,0,1,0,360,360,0.03333333333333333,0,0.04,0,0,0,wheel,standard,motor_oddball
1537,2,Sensory-motor mismatch block,26,1536,0,0,1,0,360,360,0.03333333333333333,0,0.04,0,0,0,wheel,standard,motor_oddball
1538,2,Sensory-motor mismatch block,26,1537,0,0,1,0,360,360,0.03333333333333333,0,0.04,0,0,0,wheel,standard,motor_oddball
1539,2,Sensory-motor mismatch block,26,1538,0,0,1,0,360,360,0.03333333333333333,0,0.04,0,0,0,wheel,standard,motor_oddball
1540,2,Sensory-motor mismatch block,26,1539,0,0,1,0,360,360,0.03333333333333333,0,0.04,0,0,0,wheel,standard,motor_oddball
