dmd,roi,n_events,event_rate_hz,false_pos_rate_hz,false_pos_frac,noise_sd_filtered,noise_dff,robust_snr,qc_flag,median_event_sd,p90_event_sd,frac_events_3_4sd_filtered,frac_events_gt4sd_filtered,median_event_raw_sd,frac_events_lt2sd,frac_events_2_4sd,frac_events_gt4sd,quality_class
1,0,7355,2.5481503550627473,0.0003464514418848059,0.00013596193065941537,0.672801174044609,0.3100084021925926,4.679240558221066,ok,5.437780380249023,10.169938087463379,0.24989802855200544,0.7501019714479945,5.439498966519368,0.19337167899205698,0.1495480690221857,0.6570802519857574,High SNR
1,1,5350,1.8535152140837114,0.0003464514418848059,0.00018691588785046728,0.7918995135784149,0.3700345923900604,2.9733192425404242,ok,4.061947822570801,6.133242845535278,0.4790654205607477,0.5209345794392524,3.868563726927974,0.19160104986876642,0.33727034120734906,0.47112860892388453,High SNR
1,2,3911,1.3549715892114758,0.006929028837696118,0.005113781641523907,0.6098583370685577,0.3170690424531698,2.5822857971226036,ok,4.417917728424072,10.002704620361328,0.4055228841728458,0.5944771158271542,4.1670985557367155,0.17533470648815655,0.29170957775489187,0.5329557157569516,High SNR
1,3,4616,1.599219855740264,0.01004709181465937,0.006282495667244367,0.4218088505208492,0.21201583072543143,2.847061913015616,ok,4.653412342071533,9.60691213607788,0.3680675909878683,0.6319324090121318,4.359270519065085,0.19633507853403143,0.25087260034904013,0.5527923211169284,High SNR
1,4,5652,1.958143549532923,0.0006929028837696118,0.00035385704175513094,0.8509258873343467,0.42303378914594647,3.1950281342053892,ok,4.585850715637207,8.80850925445557,0.3646496815286624,0.6353503184713376,4.458036376731908,0.19559424409308937,0.23219044235210518,0.5722153135548055,High SNR
1,5,4866,1.6858327162114655,0.0020787086513088353,0.0012330456226880395,0.5423545555830002,0.25483137475848194,3.0307507122204553,ok,4.3666887283325195,8.252999305725098,0.4087546239210851,0.5912453760789149,4.226088024930065,0.1995872033023736,0.2582043343653251,0.5422084623323014,High SNR
1,6,3501,1.2129264980387053,0.0003464514418848059,0.00028563267637817766,0.6938883402585982,0.32500847665071486,2.4791805880481177,ok,3.760289192199707,5.264594554901123,0.6023993144815767,0.3976006855184233,3.649562685104987,0.18072289156626506,0.39902467010900744,0.4202524383247275,Low SNR
1,7,4776,1.6546520864418328,0.003118062976963253,0.0018844221105527637,0.7377946333050728,0.37775833788514135,2.788129415886742,ok,4.406294822692871,8.129473209381104,0.4026381909547739,0.5973618090452262,4.037904258393825,0.1876709446665264,0.3046496949295182,0.5076793604039554,High SNR
1,8,3300,1.1432897582198593,0.006929028837696118,0.006060606060606061,0.41506044301986694,0.2036747776687145,2.3297188339910653,ok,3.9411091804504395,6.388096809387206,0.5206060606060606,0.4793939393939394,3.338559956280338,0.233201581027668,0.403466099118273,0.363332319854059,Low SNR
1,9,5074,1.757894616123505,0.002771611535078447,0.0015766653527788726,0.759349099266529,0.39077389070391655,2.9353808673479773,ok,4.638510704040527,8.822937870025633,0.35573512022073317,0.6442648797792668,5.0082367808923465,0.13044338875692796,0.20209817893903403,0.667458432304038,High SNR
1,10,3573,1.2378710018544115,0.002771611535078447,0.002239014833473272,0.6471185107111931,0.3226076446652412,2.375279595275653,ok,3.8427083492279053,5.935664176940919,0.5619927232017912,0.4380072767982088,3.6367642019307853,0.18194600674915637,0.40129358830146233,0.4167604049493813,Low SNR
1,11,3938,1.3643257781423657,0.007968383163350535,0.005840528186896902,0.466177892267704,0.23379228174090383,2.424894884323281,ok,4.022526741027832,6.63104386329651,0.4964448958862367,0.5035551041137634,3.58937011272055,0.19730142566191447,0.39078411405295316,0.4119144602851324,Low SNR
1,12,3211,1.1124555798921116,0.0041574173026176706,0.003737153534724385,0.6010236942350864,0.30765210860967634,2.273441024275742,ok,3.793520927429199,5.829626083374023,0.5823730924945499,0.41762690750545,3.446500993505942,0.18329177057356608,0.45542394014962595,0.361284289276808,Low SNR
1,13,2481,0.8595460273162034,0.0038109658607328647,0.004433696090286175,0.44102500616312024,0.21145207529067991,2.1769078284957244,ok,3.669304847717285,5.3068766593933105,0.6473196291817815,0.35268037081821846,3.1341139483982325,0.2202020202020202,0.4816161616161616,0.29818181818181816,Low SNR
1,14,3317,1.1491794327319012,0.006582577395811312,0.005728067530901417,0.6294984912335873,0.318906273651123,2.330587953443714,ok,3.8475639820098877,5.723197269439697,0.5583358456436539,0.4416641543563461,3.5048508836661494,0.19214501510574017,0.44682779456193356,0.3610271903323263,Low SNR
1,15,3156,1.0934007505884473,0.006582577395811312,0.006020278833967047,0.40146756999492644,0.20043849715590475,2.2655495382489748,ok,3.826798439025879,6.268249034881592,0.5630544993662865,0.43694550063371357,3.2442215192406714,0.23889593908629442,0.44289340101522845,0.31821065989847713,Low SNR
1,16,2431,0.8422540973943773,0.008315137119483774,0.009872480460715755,0.5547990624547005,0.28719581472873684,2.1256363774231386,ok,3.6205897331237793,5.09254264831543,0.6606334841628959,0.3393665158371041,3.562422296653653,0.15739596209311907,0.46683147919241863,0.3757725587144623,Low SNR
1,17,3403,1.1789742567339945,0.0045038687445024764,0.003820158683514546,0.48402895470857615,0.2304870506554842,2.439294660789658,ok,3.9421050548553467,6.529994869232178,0.5180722891566265,0.4819277108433735,3.888315531775161,0.16789396170839468,0.3572901325478645,0.4748159057437408,Intermediate
1,18,1834,0.6354194650008853,0.019402121068729326,0.030534351145038167,0.6632408380329609,0.35194616854190824,2.0564809008541673,ok,3.576240062713623,5.376048517227173,0.6837513631406761,0.31624863685932386,3.5372064194354254,0.146448087431694,0.48633879781420764,0.36721311475409835,Low SNR
1,19,2377,0.8235150773601836,0.008661286047120147,0.01051745898190997,0.6895204396784306,0.36498900555074215,2.216855893874,ok,3.6453678607940674,6.689519882202149,0.627681952040387,0.37231804795961293,3.897152511083569,0.11969439728353141,0.4036502546689304,0.4766553480475382,Intermediate
1,20,2853,0.9884259636973511,0.007968383163350535,0.008061689449702068,0.4373917683005333,0.22000185792446136,2.22396789007341,ok,3.7883787155151367,6.622145557403565,0.5660708026638626,0.4339291973361374,3.0875881307254853,0.280239099859353,0.4040084388185654,0.31575246132208157,Low SNR
1,21,4334,1.5015205491287487,0.002425160093193641,0.0016151361329026304,0.7558585787057877,0.3877125824868679,2.612574445467355,ok,4.154675483703613,7.496132469177247,0.4566220581449008,0.5433779418550992,4.499635367259378,0.12100879222582138,0.2778806108283202,0.6011105969458584,High SNR
1,22,3003,1.0403936799800722,0.008314834605235341,0.007992007992007992,0.5693746523559093,0.2966826933056116,2.2596679289893555,ok,3.9138681888580322,6.958948993682862,0.5308025308025308,0.4691974691974692,4.1322453461382125,0.11589846359385438,0.3573814295257181,0.5267201068804275,Intermediate
1,23,3625,1.2559365209055524,0.005889909201488108,0.004689655172413793,0.4309409462571144,0.21483778921365737,2.3835757780454054,ok,3.9681575298309326,6.599948692321777,0.5106206896551724,0.48937931034482757,3.536720745065252,0.19950193691200885,0.40841173215273935,0.3920863309352518,Low SNR
1,24,3180,1.1017155851936826,0.009700640372774565,0.00880503144654088,0.504647672367096,0.2563710204988718,2.3377985870601625,ok,4.0362958908081055,7.312848043441773,0.490251572327044,0.509748427672956,3.363141553214245,0.25173501577287066,0.3936908517350158,0.35457413249211356,Low SNR
1,25,3269,1.1325497635214303,0.005543223070156894,0.004894463138574488,0.41836591712236404,0.2107947361886501,2.287446727060532,ok,3.8410048484802246,6.0524519920349125,0.5576628938513307,0.44233710614866933,3.554667173380554,0.18536735321241932,0.41407931140485704,0.40055333538272364,Low SNR
1,26,3206,1.1107233226826876,0.0045038687445024764,0.004054897067997504,0.6771387195825577,0.3391390139132738,2.334084424333526,ok,3.806436538696289,5.751070022583008,0.5851528384279476,0.4148471615720524,3.8780060940601007,0.13569413976809777,0.3942337825133187,0.4700720777185835,Intermediate
1,27,1861,0.6447461333476238,0.015590314884816265,0.02418054809242343,0.5611035882174968,0.2938076687246561,2.0774238463726102,ok,3.5639760494232178,5.815900802612305,0.6749059645351961,0.32509403546480387,3.731704366758117,0.12419006479481641,0.44384449244060475,0.4319654427645788,Intermediate
1,28,4768,1.6518804749067544,0.005543223070156894,0.003355704697986577,0.5800521157801151,0.2913923661768436,2.767043874661258,ok,4.2581987380981445,7.911403894424439,0.42932046979865773,0.5706795302013423,4.0536969950050725,0.18796042938328772,0.3035150494632709,0.5085245211534414,High SNR
1,29,3464,1.2001077946889676,0.005196771628272088,0.0043302540415704385,0.523926261305809,0.2591901511520147,2.4092142607073614,ok,4.019399642944336,7.54559178352356,0.4939376443418014,0.5060623556581986,4.036061581564655,0.18144927536231883,0.31275362318840577,0.5057971014492754,High SNR
1,30,3231,1.1193846087298078,0.007968383163350535,0.007118539151965335,0.5743256171822547,0.3010384430319071,2.290271524640621,ok,4.020187854766846,7.530740261077881,0.49613122872175797,0.503868771278242,3.9190981298666303,0.16532007458048478,0.35425730267246736,0.48042262274704783,Intermediate
1,31,4777,1.6549985378837178,0.002425160093193641,0.001465354825204103,0.610105286604166,0.30114698329567907,2.8101282869350057,ok,4.3358964920043945,7.92561616897583,0.4134393971111576,0.5865606028888424,4.150367914869498,0.193643443485582,0.28309829509576934,0.5232582614186487,High SNR
1,32,2960,1.0254962679790254,0.010739994698428982,0.010472972972972974,0.507919212448597,0.2682281992793083,2.2133597341687934,ok,3.8447306156158447,6.30086178779602,0.5527027027027027,0.4472972972972973,3.645494701782977,0.17854718262050237,0.4093686354378819,0.4120841819416157,Low SNR
1,33,4205,1.4568283131256088,0.004850320186387282,0.0033293697978596906,0.5996562150478363,0.30358486433923243,2.613965068578723,ok,4.2692670822143555,8.262721633911132,0.43115338882282994,0.5688466111771701,4.271039253471231,0.15318539727988548,0.2927702219040802,0.5540443808160344,High SNR
1,34,3619,1.2538077681811124,0.002771611535078447,0.0022105554020447637,0.7282386716008186,0.37760196744203567,2.408452482186696,ok,4.000649929046631,6.7826972007751465,0.4995855208621166,0.5004144791378834,4.393297355742371,0.1148723640399556,0.298834628190899,0.5862930077691454,High SNR
1,35,2066,0.7157972006043782,0.022173775817366993,0.030977734753146177,0.440339300340414,0.23208152988553046,2.0432664092450503,ok,3.639305591583252,5.243426561355591,0.6519845111326235,0.3480154888673766,3.4781496412135118,0.17346938775510204,0.45383867832847424,0.3726919339164237,Low SNR
1,36,4110,1.423915426146552,0.0013858057675392235,0.0009732360097323601,0.7583044793128967,0.37841395377516746,2.5532535498699667,ok,3.9823250770568848,6.334688758850097,0.505596107055961,0.4944038929440389,4.265022885012606,0.11929738960722128,0.3198341058794828,0.560868504513296,High SNR
1,37,3543,1.2275221172637922,0.004504032606387045,0.00366920688681908,0.556491610121727,0.28246363154947757,2.3556290609241404,ok,3.9311163425445557,6.264854907989502,0.5306237651707593,0.46937623482924073,3.679591184026223,0.17487266553480477,0.3958687040181098,0.42925863044708545,Low SNR
1,38,2269,0.7860983216366245,0.010739994698428982,0.013662406346408109,0.6385133643686771,0.3256099218249321,2.1496850891272636,ok,3.635967969894409,5.114003849029541,0.6663728514764213,0.33362714852357866,3.668588144446826,0.12483458314953683,0.462726069695633,0.41243934715483016,Low SNR
1,39,2075,0.7188867419109722,0.021826440838742772,0.030361445783132532,0.38322507331967354,0.19932243018150328,2.0177865813813374,ok,3.628011465072632,5.19262056350708,0.6708433734939759,0.3291566265060241,3.3097914854209067,0.18846899224806202,0.5087209302325582,0.3028100775193798,Low SNR
1,40,3925,1.3598219093978632,0.006236125953926506,0.0045859872611464965,0.48273106677532196,0.24282242076694965,2.4583183643250783,ok,4.012253284454346,6.944883632659912,0.49579617834394907,0.5042038216560509,3.841975917982737,0.1859514687100894,0.3519795657726692,0.46206896551724136,Low SNR
1,41,3202,1.1093375169151485,0.009354188930889759,0.008432229856339788,0.5594557115077972,0.2881581181704998,2.294469261880632,ok,3.838101625442505,6.106693887710572,0.561524047470331,0.438475952529669,3.758196681915682,0.1711514392991239,0.386107634543179,0.4427409261576971,Low SNR
1,42,3098,1.0733065669591286,0.003464514418848059,0.0032278889606197547,0.4254533113539219,0.20171972737312316,2.3320284740261488,ok,3.7788338661193848,5.7135693550109865,0.5842479018721756,0.4157520981278244,3.2153559583193054,0.2353896103896104,0.45746753246753247,0.30714285714285716,Low SNR
1,43,2884,0.9991659583957802,0.003464514418848059,0.0034674063800277394,0.6553294833540916,0.330591440525651,2.2981014703356166,ok,3.724008083343506,5.845437669754032,0.6047156726768377,0.39528432732316227,3.828775902212167,0.12486920125566794,0.41262643878618765,0.46250435995814443,Intermediate
1,44,3137,1.086818173192636,0.008314834605235341,0.007650621613006056,0.6905389905273914,0.3696495649695396,2.332254137250166,ok,3.9701714515686035,7.796371364593506,0.5132291998724896,0.48677080012751034,4.277240147704952,0.10598783221261607,0.33685558757604867,0.5571565802113353,Intermediate
1,45,3948,1.367906413246581,0.004157770253029121,0.00303951367781155,0.6630747910916804,0.32980991969704626,2.5325764187439868,ok,4.09217643737793,6.826521396636964,0.47188449848024316,0.5281155015197568,3.9678576445290896,0.1568926123381569,0.3518659558263519,0.49124143183549124,Intermediate
1,46,2302,0.7975312192188232,0.012818703349737818,0.016072980017376195,0.5773016484975815,0.30165071351230144,2.130917428742428,ok,3.6561362743377686,5.558301973342895,0.6446568201563857,0.35534317984361424,3.708233590994418,0.12489082969432315,0.4519650655021834,0.42314410480349346,Low SNR
1,47,2356,0.8162395970806027,0.009700640372774565,0.011884550084889643,0.5883193358302116,0.30704715073406696,2.1671673509549105,ok,3.636974811553955,5.608941316604614,0.6566213921901528,0.3433786078098472,3.751825449186394,0.113384484228474,0.45481670929241264,0.4317988064791134,Intermediate
1,48,3337,1.1561084615695971,0.006929028837696118,0.005993407252022775,0.8142334899544715,0.43025258933901783,2.4030400122377213,ok,3.91662859916687,7.029758739471436,0.5277195085406053,0.47228049145939466,4.395881831617021,0.11405356605476978,0.30334035510081253,0.5826060788444177,High SNR
1,49,2985,1.0341575540261456,0.018708377861779518,0.018090452261306532,0.47391012126803395,0.24746638874709606,2.250333150270494,ok,3.892237901687622,6.827875804901122,0.5313232830820771,0.46867671691792295,3.7729552494702387,0.1750841750841751,0.3720538720538721,0.45286195286195285,Low SNR
1,50,2779,0.9627885569978756,0.009700640372774565,0.010075566750629723,0.5943725819349288,0.31459481931030747,2.2026770250345704,ok,3.7634592056274414,6.0934470176696784,0.5933789132781576,0.4066210867218424,3.80954942440702,0.141257225433526,0.40390173410404623,0.45484104046242774,Intermediate
1,51,2153,0.745909954377987,0.016283217768585878,0.02183000464468184,0.46362418044805526,0.24367684671878814,2.081163395201047,ok,3.7286150455474854,6.712454509735107,0.6117045982350209,0.3882954017649791,3.7071035481292256,0.14953271028037382,0.4205607476635514,0.42990654205607476,Low SNR
1,52,4062,1.4072857569360815,0.0041574173026176706,0.0029542097488921715,0.7640221851110458,0.3998951169490814,2.5427302351698637,ok,4.199711322784424,7.956804180145265,0.44756277695716395,0.552437223042836,4.324503182321333,0.14289245982694684,0.2899876390605686,0.5671199011124846,High SNR
1,53,3018,1.045590451608344,0.005543223070156894,0.005301524188204109,0.8114894294857978,0.4272595026433468,2.3043252106603984,ok,3.786559581756592,6.422250843048096,0.5778661365142479,0.42213386348575216,4.254726958709533,0.10529823392202599,0.3405531489503499,0.5541486171276241,Intermediate
1,54,2364,0.8190112086156811,0.012818703349737818,0.015651438240270727,0.6102483132004738,0.3293279505550861,2.154212603570888,ok,3.624319076538086,6.0149960041046215,0.6425549915397631,0.3574450084602369,3.716601227268671,0.14273540690242864,0.4269279931827865,0.43033659991478485,Low SNR
1,55,3241,1.122849123148656,0.006582577395811312,0.005862388151804999,0.6146060512483119,0.3222309681952,2.277507152111222,ok,3.902780055999756,6.030818462371826,0.5362542425177415,0.46374575748225855,3.8155200405986163,0.1372670807453416,0.4074534161490683,0.45527950310559007,Intermediate
1,56,3388,1.1737774851057223,0.016629669210470682,0.014167650531286895,0.46759326791167255,0.24266362015306947,2.3062009342867724,ok,4.044461250305176,6.8944804191589375,0.4822904368358914,0.5177095631641087,3.9716324876983844,0.17337278106508874,0.3343195266272189,0.49230769230769234,High SNR
1,57,2937,1.0175278848156748,0.003464514418848059,0.0034048348655090228,0.778933359503746,0.4083913032710552,2.3330229976375128,ok,3.741415023803711,6.018105983734132,0.602996254681648,0.3970037453183521,3.976149982225335,0.11744622738135882,0.3892113349265961,0.49334243769204505,Intermediate
1,58,3473,1.2032696339986313,0.0013858561865806292,0.001151742009789807,0.9572333101987838,0.5050478994011879,2.468899092670432,ok,3.973083972930908,7.551479339599615,0.5067664843075151,0.49323351569248486,4.605346983907752,0.08441746169413125,0.29575021682567215,0.6198323214801966,High SNR
1,59,3045,1.054944640539234,0.0058896745120417,0.005582922824302135,0.5396994835495948,0.2772437793731689,2.2464691361405125,ok,3.935330867767334,6.802857208251952,0.515927750410509,0.48407224958949097,3.6607545499045857,0.18268597761685318,0.3887425938117182,0.42857142857142855,Low SNR
1,60,1731,0.599707445902599,0.0176690235361251,0.029462738301559793,0.5271316565573215,0.28444795435667036,2.022643066981108,ok,3.480895757675171,4.685068130493164,0.7492778740612362,0.2507221259387637,3.481938122909413,0.11672473867595819,0.5487804878048781,0.3344947735191638,Low SNR
1,61,1664,0.576495199296317,0.014897412001046653,0.025841346153846152,0.571268639087677,0.3075546587616205,2.0596979618003926,ok,3.493938446044922,4.845843029022217,0.734375,0.265625,3.6307766182652492,0.11024096385542169,0.49939759036144576,0.39036144578313253,Low SNR
1,62,2521,0.8734040849915956,0.011432897582198594,0.013090043633478779,0.5297559758841991,0.2744413727134466,2.1532482768041348,ok,3.7831294536590576,6.120452404022217,0.5838952796509321,0.4161047203490678,3.7204501504296936,0.14764565043894654,0.41300877893056664,0.43934557063048685,Low SNR
1,63,3311,1.1471484207416651,0.004157590168800961,0.003624282694050136,0.6293080100297928,0.32395049075782295,2.3920611533444673,ok,4.0278167724609375,7.739700794219971,0.4910903050437934,0.5089096949562066,4.193596875932604,0.1315550166717187,0.32888754167929674,0.5395574416489846,High SNR
1,64,2385,0.826286688895262,0.020787086513088353,0.025157232704402517,0.5339136445999145,0.28248400079905983,2.1104457980104283,ok,3.7297914028167725,5.879298877716062,0.6079664570230608,0.3920335429769392,3.018788386101663,0.2680455888560574,0.4533558463486703,0.2785985647952723,Low SNR
1,65,3805,1.3183116852980759,0.0024252777390503365,0.0018396846254927727,0.6959339696466922,0.3443634171366691,2.486901573192625,ok,3.933232069015503,6.2817055702209466,0.519053876478318,0.480946123521682,4.373109720327089,0.10493013445821249,0.31742683891378853,0.5776430266279989,High SNR
1,66,3161,1.095172851445342,0.01004745735270956,0.009174311926605505,0.4877176004648208,0.24807967548072338,2.2742293926712494,ok,3.8308351039886475,5.920075416564941,0.5621638721923442,0.4378361278076558,3.772146194366727,0.16290885995554144,0.39250555731978404,0.4445855827246745,Low SNR
1,67,2756,0.954820173834525,0.007621931721465729,0.007982583454281567,0.572506877374649,0.29944701256155964,2.2437194851607503,ok,3.9622812271118164,7.789796352386475,0.512699564586357,0.487300435413643,4.000468593083694,0.15225290697674418,0.3477470930232558,0.5,Intermediate
1,68,2255,0.7812480014502373,0.019054829303664325,0.024390243902439025,0.4143824253737926,0.21317608262300491,2.061359138526074,ok,3.705533742904663,5.453769683837891,0.6328159645232816,0.3671840354767184,3.567972815547768,0.15597147950089127,0.4532085561497326,0.3908199643493761,Low SNR
1,69,2701,0.935805875118534,0.009701060534364663,0.01036653091447612,0.5974269089341163,0.31562951974868775,2.1908549356175864,ok,3.7747480869293213,6.079426288604736,0.5875601629026287,0.41243983709737136,3.6231428583399747,0.17992565055762083,0.4174721189591078,0.4026022304832714,Low SNR
1,70,3037,1.052214955583493,0.005196978707195389,0.004939084622983207,0.7842367874622345,0.4057148899197578,2.276774377138438,ok,3.713107109069824,5.489348411560059,0.6183733947974975,0.38162660520250247,3.733262715507511,0.1474274406332454,0.4224934036939314,0.43007915567282323,Low SNR
1,71,2841,0.9842685463947335,0.0072754802795809235,0.007391763463569166,0.7107177589058876,0.3699309345602989,2.283626794377566,ok,3.787576675415039,5.758664131164551,0.5885251671946498,0.41147483280535024,4.274901737866552,0.0825070821529745,0.34915014164305946,0.568342776203966,Intermediate
1,72,2713,0.9399227618334783,0.0058896745120417,0.006266126059712496,0.6727588007032871,0.35142717243432997,2.210972045849294,ok,3.706589698791504,5.45487756729126,0.6284555842241062,0.37154441577589387,3.6949020349696275,0.13303769401330376,0.45269770879526977,0.41426459719142644,Low SNR
1,73,2621,0.9080492291800762,0.009700640372774565,0.0106829454406715,0.5322788466274738,0.2860795931071043,2.147427077610453,ok,3.6909615993499756,6.215567111968994,0.6104540251812285,0.38954597481877146,3.659768314135844,0.1527831094049904,0.4310940499040307,0.4161228406909789,Low SNR
1,74,3218,1.1148807399853053,0.0041574173026176706,0.0037290242386575512,0.8620201029539107,0.45123698142170904,2.3612118593238196,ok,3.7982845306396484,6.072367334365845,0.5717837165941578,0.4282162834058421,4.290027170422921,0.10074859638178416,0.33218964441671867,0.5670617592014972,Intermediate
1,75,1932,0.6693441857214449,0.011432897582198594,0.017080745341614908,0.7265091411530971,0.3881276556551456,2.1125126619161723,ok,3.5644822120666504,5.155519819259644,0.6853002070393375,0.3146997929606625,3.820976429063255,0.10862785862785863,0.4397089397089397,0.4516632016632017,Intermediate
1,76,2734,0.9471982421130593,0.012125800465968206,0.012801755669348939,0.635889177596569,0.33608351601362224,2.21089125103666,ok,3.6648120880126953,5.617294549942017,0.6276517922457937,0.3723482077542063,3.778971205381455,0.1267969037965352,0.43199410246959086,0.44120899373387396,Intermediate
1,77,3362,1.1647697476167174,0.003464514418848059,0.00297441998810232,0.6297192832946777,0.31539264437556264,2.315278153122322,ok,3.6977736949920654,5.237272119522095,0.6421772754312909,0.3578227245687091,3.585446249177568,0.1663189269746647,0.434575260804769,0.3991058122205663,Low SNR
1,78,2304,0.7982241221025927,0.014897412001046653,0.018663194444444444,0.42324676047563553,0.22392614187598228,2.049865169719994,ok,3.6419711112976074,5.466171360015871,0.6575520833333334,0.3424479166666667,3.552136562797098,0.1360662887047536,0.4823375490623637,0.3815961622328827,Low SNR
1,79,3783,1.3106258046502206,0.007968383163350535,0.006079830822098863,0.6231366134405136,0.3234705541223287,2.4300773612597064,ok,4.180210113525391,7.528369426727295,0.44964314036478986,0.5503568596352102,4.1245201077684115,0.16074270557029177,0.31618037135278515,0.5230769230769231,High SNR
1,80,3516,1.2181823615001404,0.0006929364968715247,0.0005688282138794084,1.0849113897442817,0.5518624440908432,2.545267471099374,ok,3.6853764057159424,5.572767019271851,0.6313993174061433,0.36860068259385664,4.302442635259589,0.09480296973158195,0.32838378069674473,0.5768132495716733,Intermediate
1,81,2897,1.0036698271402826,0.01593676632670107,0.01587849499482223,0.5334649025201798,0.2788879224568605,2.2037457846212836,ok,3.7172515392303467,5.529949378967286,0.6161546427338627,0.3838453572661374,3.513594636072691,0.17192374350086656,0.43743500866551127,0.3906412478336222,Low SNR
1,82,3253,1.1270065404512735,0.0045038687445024764,0.003996311097448509,0.5988581027805805,0.30708435443937776,2.310885340386156,ok,3.837723970413208,6.015118885040283,0.5591761450968337,0.44082385490316633,3.816903257581229,0.15299198025909932,0.3889574336829118,0.4580505860579889,Intermediate
1,83,3115,1.0791962414711702,0.009700640372774565,0.008988764044943821,0.5260597745060921,0.26875848463475704,2.2578586361235287,ok,3.8473527431488037,5.9975940704345705,0.5691813804173355,0.43081861958266454,3.8941444738921787,0.14465611882466903,0.3800452050371327,0.47529867613819826,Intermediate
1,84,3161,1.0951330077978714,0.004850320186387282,0.004428978171464726,0.6011053921580314,0.3048724571853876,2.3046176162981586,ok,3.7756104469299316,5.7607526779174805,0.5760835178740905,0.42391648212590954,3.5496210517480673,0.17899079657251665,0.4360520469692161,0.3849571564582672,Low SNR
1,85,3975,1.3771969714065053,0.004504040409631338,0.003270440251572327,0.573056095969677,0.2837032174766064,2.5202898362337858,ok,4.046763896942139,6.57343282699585,0.48654088050314465,0.5134591194968553,4.074233804329998,0.14941948510853104,0.33518425037859667,0.5153962645128722,High SNR
1,86,3140,1.0878971064657939,0.0072757449795483025,0.006687898089171975,0.7218543478667736,0.37875841943621635,2.3044127427893253,ok,3.7812299728393555,5.936055421829224,0.585031847133758,0.41496815286624206,3.8999326341121896,0.13864873519052193,0.3813640730067243,0.4799871918027538,Intermediate
1,87,2426,0.840491198012539,0.0176690235361251,0.021022258862324814,0.47555190045833584,0.2482520850509405,2.131061966343702,ok,3.80361270904541,6.931134939193726,0.5626545754328112,0.4373454245671888,3.821556737844608,0.14688796680497926,0.3921161825726141,0.46099585062240667,Intermediate
1,88,2603,0.9018131032261497,0.0117793490240834,0.013061851709565886,0.566744986653328,0.29715829981863495,2.2074355873981433,ok,3.8341050148010254,8.953980636596683,0.561659623511333,0.4383403764886669,3.634954979244855,0.20346820809248556,0.3603082851637765,0.43622350674373794,Low SNR
1,89,2852,0.9880795122554664,0.009354188930889759,0.009467040673211781,0.5821431672692299,0.31415732229351995,2.281196304720927,ok,3.8727450370788574,8.073409652709962,0.541374474053296,0.4586255259467041,3.8365271354934807,0.15200562983814214,0.386347642505278,0.4616467276565799,Intermediate
1,90,3066,1.062220120818815,0.009700640372774565,0.0091324200913242,0.6176653711438179,0.32641198864281173,2.2702737941637894,ok,3.772430419921875,6.263629198074341,0.5821917808219178,0.4178082191780822,3.747532516008003,0.15336821451929367,0.4156311314584696,0.43100065402223675,Low SNR
1,91,2687,0.9309150243444734,0.004850320186387282,0.005210271678451805,0.8982307079315185,0.47455725365281104,2.2711530410421243,ok,3.650538206100464,5.497826576232911,0.637513956084853,0.362486043915147,4.0790805840516535,0.09250279746363298,0.3856769861991794,0.5218202163371877,Intermediate
1,92,2096,0.7261622221905532,0.0117793490240834,0.016221374045801526,0.45768599188327785,0.24122822873890398,2.050392591584148,ok,3.5640525817871094,5.050214529037476,0.6941793893129771,0.3058206106870229,3.43278896362536,0.1617999042604117,0.5040689325035902,0.33413116323599806,Low SNR
1,93,3193,1.106219453938185,0.014550960559161847,0.013153773880363295,0.6697394239783286,0.35462660272121427,2.3190892774779894,ok,3.8845643997192383,6.600377845764161,0.5430629502035703,0.4569370497964297,4.412215128147476,0.09867591424968473,0.3133669609079445,0.5879571248423707,High SNR
1,94,3715,1.2870671066020538,0.0020787086513088353,0.0016150740242261105,0.8367617032527923,0.4434638371825218,2.5238922946250844,ok,4.152101993560791,9.332234764099121,0.4616419919246299,0.5383580080753702,4.58965718105571,0.13452188006482982,0.2668827660723933,0.5985953538627768,High SNR
1,95,3183,1.1027549395193372,0.014897412001046653,0.013509267986176562,0.5294166798591613,0.2774876138716936,2.303770143573078,ok,3.945643186569214,6.810089206695557,0.5234055922086083,0.4765944077913918,4.099201046335511,0.13457295934446895,0.3438386385124488,0.5215884021430822,Intermediate
1,96,2456,0.8508847412690832,0.0117793490240834,0.013843648208469055,0.5800917496562004,0.30762906617224217,2.1565040473175685,ok,3.78593111038208,6.941959619522095,0.5781758957654723,0.4218241042345277,4.073170157033299,0.11529026982829109,0.365903515944399,0.5188062142273099,Intermediate
1,97,3460,1.1987801395877378,0.004850555478100673,0.004046242774566474,0.7676798130512237,0.40452538760304446,2.437275888751506,ok,3.962965965270996,7.004163503646851,0.5135838150289017,0.4864161849710983,4.235657079641604,0.12608695652173912,0.3327536231884058,0.5411594202898551,High SNR
1,98,3335,1.1554676047923942,0.005197005718706421,0.004497751124437781,0.6034693297326564,0.3106157018691301,2.3170455028004406,ok,3.8426644802093506,5.960299110412597,0.5604197901049476,0.4395802098950525,3.8409120206223175,0.13598074608904934,0.39921780986762934,0.4648014440433213,Intermediate
1,99,3862,1.3381113781552683,0.001039444364180685,0.0007767995857068876,0.8904227017879486,0.45973767460584636,2.51955205005511,ok,3.919295072555542,7.097896528244019,0.5225271879854997,0.47747281201450026,4.212827401537749,0.12977893368010404,0.3235370611183355,0.5466840052015605,High SNR
1,100,2809,0.9731821002544198,0.002425160093193641,0.002491990032039872,1.0047045312166214,0.5343179366469383,2.3423636470035096,ok,3.600123643875122,5.246672916412354,0.6671413314346742,0.33285866856532575,4.194192202547156,0.07474964234620887,0.36838340486409155,0.5568669527896996,Intermediate
1,101,3154,1.0927078477046777,0.0017322572094240294,0.0015852885225110971,0.9374234417438506,0.49137332845330234,2.385469375493006,ok,3.740616798400879,5.804281330108644,0.6052631578947368,0.39473684210526316,4.29208614866047,0.07670273711012095,0.3485041374920433,0.5747931253978358,Intermediate
1,102,2696,0.9340330873214366,0.014897412001046653,0.015949554896142432,0.5951230628550053,0.31569151119589806,2.190707192496535,ok,3.6846981048583984,5.476563215255737,0.6268545994065282,0.3731454005934718,3.722875188168821,0.13839285714285715,0.4412202380952381,0.42038690476190477,Low SNR
1,103,2315,0.8020350879633256,0.011432897582198594,0.014254859611231102,0.5937351702332496,0.31096465229988096,2.1259311078599947,ok,3.5807571411132812,5.114255046844482,0.6950323974082073,0.3049676025917927,3.5578909329293436,0.13417281806339557,0.4871906209292228,0.3786365610073817,Low SNR
1,104,2305,0.7985705735444776,0.008314834605235341,0.010412147505422993,0.7824240568041801,0.4149383600771427,2.2014594984621794,ok,3.5778021812438965,5.0187700271606435,0.6806941431670283,0.3193058568329718,3.950163980200279,0.0811872544740288,0.4325621999127019,0.4862505456132693,Intermediate
1,105,3638,1.2605017162237935,0.0027718564402942135,0.0021990104452996153,0.8230906229138374,0.4373305279970169,2.4146457380463984,ok,3.9748008251190186,6.818705892562866,0.5068719076415613,0.4931280923584387,4.19139824869869,0.11980170751858991,0.33461856237950977,0.5455797301019003,Intermediate
1,106,2134,0.7393273769821758,0.0072754802795809235,0.009840674789128397,0.8349181315183639,0.44796332046389575,2.1695938660840515,ok,3.5098228454589844,4.746934175491333,0.7478912839737581,0.2521087160262418,3.9354985618528437,0.06669798027242838,0.4551432597463598,0.4781587599812118,Intermediate
1,107,1966,0.6811235347455283,0.018361926419894713,0.02695829094608342,0.5672453367233276,0.30233202293515204,2.1025790926083157,ok,3.5573527812957764,5.365753650665283,0.6937945066124109,0.306205493387589,3.5850724713714484,0.14650331801939764,0.4660541092394079,0.3874425727411945,Low SNR
1,108,2187,0.7576893034020704,0.015590314884816265,0.0205761316872428,0.5905022477746009,0.3113756162703037,2.131421220986264,ok,3.5548110008239746,4.8417963027954105,0.7169638774577046,0.2830361225422954,3.6631199263424046,0.11743119266055047,0.4756880733944954,0.4068807339449541,Low SNR
1,109,2350,0.8141608884292938,0.014897412001046653,0.01829787234042553,0.5464977758288383,0.28921287856400013,2.133700070003691,ok,3.634918212890625,5.4565722942352295,0.6557446808510639,0.34425531914893615,3.6780633648372385,0.1251067463706234,0.46840307429547395,0.40649017933390263,Low SNR
1,110,2848,0.9866937064879272,0.0038109658607328647,0.0038623595505617976,0.8913182418107986,0.47700227056145666,2.3404077532917653,ok,3.7819809913635254,6.846511650085452,0.5705758426966292,0.4294241573033708,4.391067024048283,0.08628005657708628,0.32390381895332393,0.5898161244695899,Intermediate
1,111,2799,0.9697545466583166,0.0,0.0,1.070388777565956,0.567436303961277,2.3733775827266483,ok,3.5969600677490234,5.109313774108888,0.6856020007145409,0.3143979992854591,4.2088199525796925,0.07606745604592752,0.3674201650520273,0.5565123789020452,Intermediate
1,112,2930,1.0151466916317307,0.0090081276390529,0.008873720136518772,0.5574467997908592,0.29288281200528143,2.219079532783222,ok,3.8010106086730957,6.143085241317749,0.5754266211604095,0.42457337883959045,3.769085137549244,0.15350274725274726,0.4110576923076923,0.43543956043956045,Low SNR
1,113,2087,0.7230441592135899,0.014204509117277041,0.01964542405366555,0.6010486587166786,0.3307668767631054,2.143667250826044,ok,3.593768835067749,6.947157955169678,0.6660277910876857,0.33397220891231433,3.8938272714592954,0.10139356078808265,0.4219125420470927,0.4766938971648246,Intermediate
1,114,2808,0.9728811560718111,0.008661691204343049,0.008903133903133903,0.6387570884048939,0.3329939515382051,2.2539979841416184,ok,3.679626941680908,5.718738985061646,0.6274928774928775,0.37250712250712253,3.9915832763143495,0.09292351679771266,0.40886347390993566,0.4982130092923517,Intermediate
1,115,2169,0.751453177448144,0.013165154791622623,0.01751959428307976,0.6430613626956939,0.34775167169272897,2.1505263725147503,ok,3.5681369304656982,5.1970153808593755,0.6841862609497464,0.31581373905025356,3.7609354219856286,0.11075069508804448,0.4633920296570899,0.4258572752548656,Intermediate
1,116,2181,0.7556105947507616,0.009007737489004953,0.01192113709307657,0.6342409915924072,0.341675250595808,2.1431983226987827,ok,3.6155576705932617,5.675350189208984,0.656121045392022,0.343878954607978,3.9697859275973455,0.09011494252873563,0.41793103448275865,0.49195402298850577,Intermediate
1,117,3409,1.1810529653853032,0.006582577395811312,0.005573481959518921,0.7560815358281135,0.39827313260436054,2.396044704704988,ok,3.698387861251831,5.538096904754639,0.6274567321795248,0.3725432678204752,4.282597232451064,0.08419193405946424,0.3500147188695908,0.565793347070945,Intermediate
1,118,2883,0.9988558464779884,0.011086849492645033,0.011099549080818592,0.6349388482689857,0.34118634442090984,2.2352738154456513,ok,3.6600942611694336,5.363780593872071,0.6368366285119667,0.3631633714880333,3.8092571557613595,0.11727748691099477,0.43664921465968587,0.44607329842931936,Intermediate
1,119,2046,0.7088396500963129,0.015243863442931459,0.021505376344086023,0.5302430704772472,0.2783054326146841,2.0760687954328754,ok,3.537224531173706,4.777852773666382,0.7311827956989247,0.26881720430107525,3.435052069814714,0.12616593028964163,0.551791850760923,0.32204221894943547,Low SNR
2,0,6685,2.3164452506148066,0.0010395416233125534,0.0004487658937920718,0.7139451140642166,0.33557678122222423,3.930877047727327,ok,4.967557430267334,9.070743370056155,0.3030665669409125,0.6969334330590875,4.465812231790547,0.2060724485194649,0.23192544716669172,0.5620021043138433,High SNR
2,1,5037,1.7453903855417774,0.0006930277488750357,0.0003970617431010522,0.6755782848358154,0.31848726802468297,3.0782409111248508,ok,4.397029876708984,7.468869018554688,0.3881278538812785,0.6118721461187214,5.067789482698862,0.10648055832502493,0.21136590229312063,0.6821535393818544,High SNR
2,2,2220,0.7692608012512896,0.01801872147075093,0.023423423423423424,0.3371043865710497,0.17098589885383844,2.050167125877251,ok,3.6873483657836914,5.523328971862794,0.640990990990991,0.359009009009009,3.289535112393384,0.23449524671797192,0.43956541421457673,0.3259393390674513,Low SNR
2,3,1914,0.6632275556734092,0.018711749219625963,0.02821316614420063,0.2825446225136518,0.1420098128557205,2.0032921121622786,ok,3.673250675201416,5.840002346038818,0.6368861024033438,0.36311389759665624,3.4320494966836224,0.19957983193277312,0.4369747899159664,0.3634453781512605,Low SNR
2,4,1640,0.5683280534625065,0.020445948264809683,0.03597560975609756,0.31950886763334274,0.16057947679460047,1.9474736403504687,ok,3.5200085639953613,4.830408000946045,0.7408536585365854,0.25914634146341464,2.8319840989169656,0.24618204031765425,0.5375687232742822,0.21624923640806354,Low SNR
2,5,3375,1.1694843262266228,0.01282101335418816,0.010962962962962963,0.44684221640825267,0.22201901012957095,2.3672245119062327,ok,4.0232062339782715,7.127283668518066,0.4918518518518519,0.5081481481481481,3.7460467425828474,0.21071428571428572,0.34404761904761905,0.4452380952380952,Low SNR
2,6,2571,0.8909211334966806,0.01108886669463002,0.012446518864255154,0.5616438372731208,0.2865642796218395,2.180504881349792,ok,3.770810842514038,6.090967178344727,0.5896538311940879,0.41034616880591207,3.5273741600088555,0.15477582846003898,0.47680311890838206,0.3684210526315789,Low SNR
2,7,2216,0.7678747457535395,0.011781471730875607,0.015342960288808664,0.5390193008422851,0.27051167610883714,2.141445634247624,ok,3.7350430488586426,6.171420097351074,0.6060469314079422,0.39395306859205775,3.631525826534342,0.15610859728506787,0.43936651583710407,0.40452488687782806,Low SNR
2,8,2828,0.9799412369093005,0.004504680367687732,0.004596888260254597,0.7402993440449237,0.37735930384397504,2.251262977943761,ok,3.77909517288208,5.769776296615601,0.5785007072135785,0.4214992927864215,3.498130650191725,0.179596174282678,0.4491675522493801,0.3712362734679419,Low SNR
2,9,4794,1.6625933713742,0.0,0.0,1.1217608203411102,0.5516840695559978,2.8269211944933117,ok,4.0114593505859375,6.670592927932739,0.49582811848143515,0.5041718815185648,4.502945140692182,0.10895023002927645,0.2827268925135926,0.6083228774571309,High SNR
2,10,2321,0.804258702569479,0.010741930107563052,0.013356311934510987,0.7182111242115498,0.3693070213526487,2.1684145540839976,ok,3.6514179706573486,5.558042526245117,0.6432572167169324,0.35674278328306763,3.7268429538725565,0.12694300518134716,0.4533678756476684,0.41968911917098445,Low SNR
2,11,4469,1.5485705048612672,0.0,0.0,1.09894301905632,0.532528844922781,2.7454981278365516,ok,3.8751134872436523,5.88818521499634,0.5520250615350191,0.447974938464981,4.74609647960561,0.06485637342908437,0.2605475763016158,0.6745960502692998,High SNR
2,12,1725,0.5977364334047183,0.014207068851938232,0.023768115942028985,0.5587757055401802,0.28688914926946163,2.033821160113281,ok,3.538634777069092,4.86760597229004,0.711304347826087,0.288695652173913,3.455628223561447,0.14077952297847585,0.522978475858057,0.33624200116346714,Low SNR
2,13,3617,1.2535557213482795,0.0020794399580010164,0.0016588332872546309,0.9642789496779441,0.4849548055887222,2.490913622327404,ok,3.885709047317505,6.21262788772583,0.5438208460049765,0.4561791539950235,4.494668530592701,0.08321775312066575,0.29764216366158114,0.6191400832177532,High SNR
2,14,3082,1.06795576101643,0.0038116526188126964,0.0035691109669046075,0.8817402760148048,0.45356906166672706,2.3231558521675093,ok,3.8215813636779785,5.9712697029113775,0.5759247242050617,0.42407527579493837,4.094982265192087,0.11483409238776839,0.3597918022121015,0.5253741054001301,Intermediate
2,15,5371,1.8613646900093725,0.0013862332452127147,0.0007447402718301992,0.6963510311365128,0.3508019999563694,3.1731549228052702,ok,4.910128116607666,9.49275016784668,0.3202383168869857,0.6797616831130143,4.565079954473283,0.1940494011976048,0.2247380239520958,0.5812125748502994,High SNR
2,16,5329,1.8466492315392082,0.0024256979960169747,0.0013135672734096453,0.5783125995397568,0.2800289539128542,3.1949620312695344,ok,4.641124725341797,8.78857421875,0.34546819290673675,0.6545318070932633,4.8661609173316025,0.13962264150943396,0.2218867924528302,0.6384905660377358,High SNR
2,17,3271,1.1334468832851208,0.0017325693721875891,0.001528584530724549,0.9853243169546126,0.49970841654539105,2.3819426852469237,ok,3.783193588256836,6.011719703674316,0.5802506878630388,0.41974931213696115,4.121362392210758,0.1111111111111111,0.3603437691835482,0.5285451197053407,Intermediate
2,18,4853,1.6817105101146532,0.00485142121195243,0.00288481351741191,0.7092610703587532,0.3600807454526424,2.852099894846688,ok,4.502420902252197,8.773452758789062,0.37193488563774985,0.6280651143622502,4.504760350399541,0.16825331125827814,0.2464817880794702,0.5852649006622517,High SNR
2,19,1963,0.6802067355208475,0.021830374089563623,0.032093734080489045,0.5377113387465476,0.2870671261399984,2.0591298107305964,ok,3.579524040222168,6.015544700622558,0.6581762608252675,0.3418237391747326,3.5575471536748484,0.12436028659160696,0.49181166837256907,0.38382804503582396,Low SNR
2,20,2465,0.8541567004884815,0.008316332986500427,0.00973630831643002,0.6316077469110488,0.32999591613113877,2.1757671191387375,ok,3.7284929752349854,6.081263065338133,0.6073022312373225,0.3926977687626775,3.6771470747617374,0.14851081191350468,0.43410852713178294,0.4173806609547124,Low SNR
2,21,3411,1.1820079806305572,0.0003465282851452821,0.0002931691586045148,1.0642059812664986,0.5520809827208518,2.453532153359171,ok,4.006271839141846,7.507650852203369,0.49868073878627966,0.5013192612137203,4.248421241888616,0.11849456042340488,0.329608938547486,0.551896501029109,High SNR
2,22,3383,1.172256437222123,0.005197708116562768,0.004433934377771209,0.6217569833993911,0.31889522742033005,2.426312929960449,ok,4.099688529968262,8.809740257263185,0.47738693467336685,0.5226130653266332,4.088455168544185,0.17391304347826086,0.31119714115544966,0.5148898153662894,High SNR
2,23,4824,1.6716611376041803,0.0006930601731360615,0.00041459369817578774,0.938011808180809,0.47640740894079203,2.701775161080581,ok,4.120987892150879,6.719158935546875,0.4626865671641791,0.5373134328358209,4.159700678260425,0.16462273955518603,0.30617335273331947,0.5292039077114945,High SNR
2,24,3892,1.3486319993108193,0.006583763614312839,0.004881808838643371,0.5664859746336937,0.2752268701851368,2.601119504977155,ok,4.1055707931518555,7.032260656356814,0.4660842754367934,0.5339157245632066,4.617697951297566,0.11555326283208667,0.25818932164044367,0.6262574155274697,High SNR
2,25,3230,1.1192398144331825,0.0055442219910002855,0.004953560371517028,0.7201778393268585,0.37471567570567127,2.346293122338935,ok,3.942394733428955,6.72959156036377,0.5164086687306502,0.48359133126934983,4.0982601480516205,0.1265547263681592,0.3547885572139303,0.5186567164179104,Intermediate
2,26,3270,1.1331003694106834,0.004158166493250214,0.003669724770642202,0.6407511981725692,0.32737455719411374,2.3123847848947916,ok,3.7601146697998047,5.69591908454895,0.5902140672782875,0.40978593272171254,3.7237647771443365,0.15888137676705594,0.41886908420405655,0.4222495390288875,Low SNR
2,27,3595,1.2457756612120705,0.007277131817928645,0.0058414464534075105,0.5673335298299789,0.28756902268230916,2.4480081508212876,ok,4.176719665527344,8.091830062866208,0.4542420027816412,0.5457579972183588,4.085632159074741,0.16247203579418346,0.3201901565995526,0.517337807606264,High SNR
2,28,2652,0.9189547950082974,0.0097023884842505,0.010558069381598794,0.6307679240763187,0.32949545559883114,2.1871807372459062,ok,3.6234657764434814,5.322078514099122,0.6553544494720965,0.34464555052790347,3.5557897213815477,0.15544629349470498,0.47087745839636913,0.37367624810892586,Low SNR
2,29,3144,1.089439621231556,0.008316332986500427,0.007633587786259542,0.4702570001900196,0.23885549836456774,2.2874768210410235,ok,3.973661422729492,6.734347486495975,0.5063613231552163,0.49363867684478374,3.5003663259375166,0.21398914084956883,0.3979559246247205,0.38805493452571066,Low SNR
2,30,2570,0.8905406573044209,0.01282101335418816,0.014396887159533073,0.5477077799499035,0.2864840177088976,2.160799309462885,ok,3.7414064407348633,5.850814151763916,0.6042801556420233,0.39571984435797664,3.5145048432595107,0.18872357086922475,0.4303054032889585,0.38097102584181675,Low SNR
2,31,3242,1.123397980926433,0.005197708116562768,0.0046267735965453425,0.44501724652647967,0.22302726589143276,2.2842682186294376,ok,3.8701000213623047,6.272565126419068,0.5508945095619988,0.44910549043800124,3.599309469867735,0.19690402476780186,0.40309597523219814,0.4,Low SNR
2,32,2105,0.729411705690975,0.014900096600813267,0.020427553444180523,0.5544213697314262,0.2964158826470375,2.0892985118322622,ok,3.660230875015259,6.329195022583008,0.6218527315914489,0.37814726840855106,3.572029175692896,0.1630019120458891,0.4421606118546845,0.3948374760994264,Low SNR
2,33,3358,1.1636419815178574,0.0027722262811622567,0.0023823704586063135,0.7874974580526352,0.41212576879262924,2.3511040199862525,ok,3.841623306274414,6.509135007858276,0.5515187611673615,0.44848123883263846,3.9557681689250828,0.14473684210526316,0.36782296650717705,0.4874401913875598,Intermediate
2,34,2636,0.913453308193329,0.006584071644792583,0.007207890743550834,0.6062791815519333,0.31511034690141676,2.191118267323152,ok,3.810274839401245,5.999748468399048,0.571320182094082,0.4286798179059181,3.4520414496274476,0.20944402132520945,0.4219345011424219,0.3686214775323686,Low SNR
2,35,3072,1.0644906222720547,0.0006930277488750357,0.0006510416666666666,1.1405401196479796,0.5892434193134307,2.3660569840324155,ok,3.6771621704101562,5.36226921081543,0.6438802083333334,0.3561197916666667,4.126114166143053,0.08873608382449247,0.3716437459070072,0.5396201702685003,Intermediate
2,36,2785,0.9650411403084872,0.009009360735375465,0.00933572710951526,0.4279098605275154,0.21444425619542598,2.2306090532893856,ok,3.9276537895202637,7.703228950500487,0.5177737881508079,0.4822262118491921,3.8925232554844365,0.158540989526905,0.36258577103647527,0.4788732394366197,Intermediate
2,37,2466,0.854503214362919,0.010741930107563052,0.012570965125709651,0.5898801682412624,0.31067961536049843,2.1809660250649032,ok,3.7022485733032227,5.844477415084839,0.6115166261151662,0.3884833738848337,4.012601625686157,0.10252237591537836,0.39422294548413345,0.5032546786004882,Intermediate
2,38,2273,0.787626036596478,0.010741930107563052,0.013638363396392433,0.6477927284538746,0.3345556234627962,2.1551772304083077,ok,3.554422378540039,4.698077964782715,0.7382314122305323,0.26176858776946765,3.6432917797252933,0.12063632346442775,0.49094122845779936,0.3884224480777729,Low SNR
2,39,3710,1.2856154824086679,0.0065840145999365735,0.005121293800539084,0.6077743109822273,0.3127668227612972,2.448760274713264,ok,4.206153392791748,7.8672165870666495,0.44285714285714284,0.5571428571428572,4.1351356291068955,0.16522210184182015,0.3114842903575298,0.52329360780065,High SNR
2,40,2624,0.9092524065240468,0.0006930277488750357,0.0007621951219512195,0.9454362008213997,0.4956540963649749,2.260017612553765,ok,3.5736467838287354,4.992816352844239,0.6897865853658537,0.31021341463414637,4.118020268580684,0.057000765110941085,0.41507268553940324,0.5279265493496557,Intermediate
2,41,2166,0.7505490520316637,0.009355874609812981,0.012465373961218837,0.6128099783062935,0.32577751523852344,2.119193433643486,ok,3.705167770385742,6.070587873458862,0.6168051708217913,0.3831948291782087,3.7756099884927345,0.12029725963771482,0.42870413376683697,0.4509986065954482,Intermediate
2,42,3762,1.3037410704010741,0.0010396659253597083,0.0007974481658692185,0.9637686138153075,0.49199531961679455,2.5086513002753468,ok,3.9218552112579346,6.4614686489105235,0.5313662945241893,0.46863370547581074,4.284582540477981,0.12092899092365189,0.31126534970635344,0.5678056593699946,High SNR
2,43,2427,0.8409891732598558,0.011088443982000571,0.013185002060156572,0.4483107465147972,0.22815618549585343,2.1279022253934894,ok,3.637526273727417,5.408452415466309,0.6501854140914709,0.34981458590852904,3.2718760700652396,0.19768403639371382,0.49090157154673286,0.31141439205955335,Low SNR
2,44,2575,0.8922732266766085,0.012474499479750642,0.013980582524271845,0.5719020741462707,0.30667745548188685,2.17568907302499,ok,3.7153477668762207,6.2524684906005845,0.6104854368932039,0.3895145631067961,3.575730732654077,0.16900858704137392,0.4371584699453552,0.3938329430132709,Low SNR
2,45,2224,0.7706468567490397,0.009355874609812981,0.012140287769784174,0.5910865491986275,0.3088212195843458,2.120764606826226,ok,3.6324312686920166,5.266893672943115,0.674910071942446,0.32508992805755393,3.6657850514145003,0.1345372460496614,0.4636568848758465,0.4018058690744921,Low SNR
2,46,2551,0.883956893690108,0.010395416233125536,0.011760094080752646,0.7182916291415691,0.38470191019177435,2.187280739609198,ok,3.6596901416778564,5.505683422088623,0.639749117992944,0.3602508820070561,3.688366374744657,0.1429693637077769,0.44069128043990574,0.41633935585231735,Low SNR
2,47,2413,0.8361379790177306,0.0006930277488750357,0.0008288437629506838,1.0306428485155106,0.541124756616354,2.257076355768246,ok,3.566333532333374,5.229486846923829,0.7049316203895566,0.2950683796104434,4.121737308362302,0.07371928363182008,0.38900458142440647,0.5372761349437735,Intermediate
2,48,3159,1.0948327274658851,0.00034657572885909624,0.00031655587211142766,1.2361364985466003,0.6471989714562892,2.440142921389683,ok,3.6190595626831055,5.2947330474853525,0.6622348844571067,0.33776511554289335,4.339991645418249,0.06353240152477764,0.34466327827191867,0.5918043202033036,Intermediate
2,49,1980,0.6860974713862853,0.010395416233125536,0.015151515151515152,0.5509709690809249,0.28958990851342675,2.0597770840550678,ok,3.5954179763793945,5.243880367279054,0.6838383838383838,0.31616161616161614,3.6053981939345707,0.14025316455696202,0.47645569620253164,0.38329113924050634,Low SNR
2,50,2372,0.8219309101657923,0.012474499479750642,0.01517706576728499,0.6157228251814841,0.33123521485626695,2.1330702198029323,ok,3.68876314163208,5.441478538513183,0.6264755480607083,0.37352445193929174,3.726382767024854,0.13355874894336434,0.4463229078613694,0.42011834319526625,Low SNR
2,51,2804,0.9716249039228,0.005890735865437803,0.006062767475035664,0.8237578152537346,0.4401907064437866,2.2877380155898766,ok,3.6708316802978516,5.63289866447449,0.6308844507845934,0.36911554921540657,3.9563132529855594,0.1028305266929416,0.4109638122536725,0.48620566105338586,Intermediate
2,52,2867,0.9934552780123637,0.01282101335418816,0.012905476107429368,0.5324811693906784,0.2708625485837459,2.199417846920894,ok,3.743666648864746,5.603669166564941,0.5978374607603767,0.4021625392396233,3.404103640777474,0.19475524475524475,0.4472027972027972,0.35804195804195804,Low SNR
2,53,2662,0.9224199337526725,0.013514041103063196,0.014650638617580767,0.6605915542244911,0.34311731393337247,2.23453625872499,ok,3.6440818309783936,5.083472108840943,0.6694214876033058,0.3305785123966942,3.7936513227405424,0.10452830188679245,0.4588679245283019,0.43660377358490565,Intermediate
2,54,2339,0.8104959523093542,0.011434957856438088,0.01410859341598974,0.8754093718528747,0.4705638644814491,2.2219324492037655,ok,3.574416160583496,5.225691318511964,0.6866182129115006,0.31338178708849934,4.0685862764144005,0.07378807378807378,0.40797940797940796,0.5182325182325183,Intermediate
2,55,2818,0.9764760981649253,0.005197708116562768,0.00532292405961675,0.8551196551322936,0.45614809144735335,2.2957413261762847,ok,3.6467103958129883,5.298642206192017,0.6462029808374734,0.3537970191625266,4.0333796249990765,0.08392857142857142,0.4064285714285714,0.5096428571428572,Intermediate
2,56,2479,0.8591612318416996,0.004852060204027347,0.005647438483259379,0.8016998179078102,0.4251929737865925,2.2214471207250743,ok,3.6181302070617676,5.334677314758301,0.6672045179507866,0.3327954820492134,3.817978894455058,0.11876773408998784,0.4312930685042562,0.449939197405756,Intermediate
2,57,2635,0.9130988668859407,0.00554443334731501,0.0060721062618595825,0.69229578307271,0.3541639202982187,2.22279378274567,ok,3.6448464393615723,5.296227741241455,0.6523719165085389,0.3476280834914611,3.750627206150826,0.11683848797250859,0.4581901489117984,0.424971363115693,Intermediate
2,58,3014,1.0444398710803842,0.0031187653748253013,0.0029860650298606504,0.957326098537445,0.5125142677187919,2.3686699582673914,ok,3.6945066452026367,6.277451992034916,0.6181154611811546,0.3818845388188454,4.233773690966139,0.07464178607130956,0.3632122625791403,0.5621459513495501,Intermediate
